504677.0;1.0254168496900003E7;0.2236765861943659;0.010198538078791551;0.4001064946893849;0.4473531723887318
504424.0;1.02705510281E7;0.21750244511715333;0.010694736181471218;0.4007457232269842;0.43500489023430666
503698.0;7546114.380500001;0.22460799526595215;0.012118608997856346;0.29444117036108597;0.4492159905319043
503518.0;7057344.7597;0.24659825287986797;0.01247163531596836;0.2753699117068061;0.49319650575973595
503472.0;7506650.505000004;0.22373440758993518;0.01256185315281921;0.29290133288933623;0.44746881517987036
503435.0;1.0351558063600002E7;0.21538967047233015;0.012634419673764457;0.40390652958869777;0.4307793409446603
503196.0;6605723.544900001;0.23922911220759596;0.0131031601739243;0.25774814342441277;0.4784582244151919
502709.0;1.1455085934300004E7;0.21535541357047985;0.014058292490149586;0.4469649860858091;0.4307108271409597
502573.0;7311203.718300005;0.2299912429655988;0.01432502348605644;0.28527521198558076;0.4599824859311976
502427.0;6273251.894000003;0.2506532404545312;0.014611367055191742;0.2447754614497206;0.5013064809090624
502347.0;5830984.1727;0.24010286621896237;0.014768267641019305;0.2275186563038814;0.48020573243792475
502299.0;9639275.6253;0.21753961304158884;0.014862407992515841;0.376114044054334;0.4350792260831777
502118.0;8387373.644300001;0.2157382385227008;0.015217395567950702;0.3272661912553445;0.4314764770454016
502003.0;4701722.217399999;0.2542215725387014;0.015442940160077823;0.18345608383320683;0.5084431450774028
501926.0;7293317.453500002;0.20969339671035933;0.015593956973936852;0.28457730939948817;0.41938679342071866
501926.0;7597193.620300005;0.20786888770587392;0.015593956973936852;0.2964342267063134;0.41573777541174783
501861.0;5014649.902399997;0.24365258996846445;0.015721438699921746;0.19566618152903315;0.4873051799369289
501388.0;6620120.933700005;0.235457140096822;0.01664911341362721;0.25830991386608154;0.470914280193644
501137.0;4950566.4812;0.24157391731445607;0.017141389001661185;0.19316571617859682;0.48314783462891214
501007.0;3986278.267799999;0.2675354627227224;0.017396352453630973;0.1555402395687281;0.5350709254454448
500925.0;4509599.802599999;0.26103347798100995;0.017557175554104226;0.17595967630293008;0.5220669559620199
500866.0;4343729.7914999975;0.26103347798100995;0.017672889736152053;0.16948760899338916;0.5220669559620199
500859.0;4616045.895799998;0.25354246747566683;0.017686618537411963;0.18011308700965944;0.5070849349513337
500724.0;5130956.894;0.2401159930961856;0.017951388275995975;0.20020435375928403;0.4802319861923712
500572.0;6086877.929700001;0.23170467316650334;0.018249499389068342;0.23750335220166388;0.4634093463330067
500475.0;3830863.474799999;0.2675354627227225;0.018439741349384264;0.14947612349057848;0.535070925445445
500430.0;4824650.795199999;0.2401159930961856;0.018527997928912267;0.18825262315042;0.4802319861923712
500373.0;6579270.564600003;0.22559858769534752;0.018639789596314404;0.2567159769230412;0.45119717539069504
500349.0;5687455.753300001;0.23169078893338169;0.018686859772062674;0.22191833358714405;0.46338157786676337
500068.0;4747123.2517;0.2473495410832374;0.019237973079781985;0.18522758277966336;0.4946990821664748
500063.0;4127719.213699998;0.26102311734172534;0.019247779366396208;0.16105911134138404;0.5220462346834507
500045.0;5250293.972800002;0.23250852312043177;0.01928308199820741;0.20486075669430256;0.46501704624086354
499993.0;7094062.645500001;0.22534950264521875;0.019385067378995327;0.2768026036490425;0.4506990052904375
499884.0;5213869.332599998;0.2392882049952408;0.01959884442718538;0.203439506876226;0.4785764099904816
499877.0;7188251.187900004;0.21247784670006828;0.01961257322844529;0.2804777380639842;0.42495569340013656
499779.0;5694855.324500006;0.23094788646396278;0.019804776446084055;0.22220705680209157;0.46189577292792555
499719.0;4151272.9809999987;0.24418521402126162;0.019922451885454728;0.16197815370683588;0.48837042804252323
499704.0;4856164.290400003;0.24006236772720643;0.019951870745297397;0.1894822454356103;0.48012473545441287
499660.0;4078996.737099999;0.24751022023355837;0.020038166067502555;0.1591580133312524;0.49502044046711674
499625.0;5067299.6728;0.2328623096712282;0.020106810073802113;0.19772051826899548;0.4657246193424564
499459.0;8834117.338100001;0.2030366561212379;0.020432378789394304;0.34469764397673713;0.4060733122424758
499267.0;3987456.033500001;0.2543125079437298;0.020808940195380453;0.15558619470452828;0.5086250158874596
499227.0;5691523.828999999;0.2273743609350626;0.020887390488294237;0.22207706547349343;0.4547487218701252
498799.0;3641409.537699999;0.285809675676987;0.021726808622471692;0.14208383705593483;0.571619351353974
498682.0;3701262.093600001;0.28580967567698673;0.021956275729244502;0.14441921864700094;0.5716193513539735
498541.0;3806437.8083;0.280225468353127;0.022232813011765582;0.14852306056726872;0.560450936706254
498406.0;6719038.062900002;0.2007175237661196;0.022497582750349594;0.2621695525916313;0.4014350475322392
498330.0;3533704.8882999984;0.30066192651584417;0.022646638306885777;0.13788131885602314;0.6013238530316883
497947.0;3410822.1339000002;0.2966324239842586;0.023397799861535232;0.13308656751800643;0.5932648479685172
497909.0;4805149.543799998;0.24360073925874812;0.023472327639803326;0.18749170554485603;0.48720147851749623
497751.0;5156079.008700004;0.23249268011931096;0.023782206296812762;0.20118459133338298;0.4649853602386219
497622.0;5321947.374000002;0.23021788639681018;0.024035208491459705;0.20765659442559894;0.46043577279362036
497529.0;4642692.888100002;0.2417656597205144;0.024217605422484245;0.18115282364811947;0.4835313194410288
497346.0;3302609.952499999;0.30210194438389815;0.024576515512564796;0.128864245971824;0.6042038887677963
497332.0;3493730.123099998;0.28851509327753283;0.02460397311508462;0.13632154702420288;0.5770301865550657
497238.0;3290344.1702999994;0.3171454710245144;0.024788331303432005;0.12838564849976675;0.6342909420490288
497137.0;4566169.312300001;0.2417641913293682;0.0249864182930393;0.17816695700435484;0.4835283826587364
496781.0;3127533.9692999995;0.31495273673268;0.025684625899971954;0.12203297165020284;0.62990547346536
496695.0;5923185.102000002;0.2237541142444201;0.025853294029736584;0.2311162362188672;0.4475082284888402
496644.0;5092120.7241;0.22998433836837337;0.025953318153201656;0.19868900867688677;0.45996867673674674
496634.0;3776811.1813000003;0.2826290567657994;0.0259729307264301;0.1473670618256815;0.5652581135315988
496600.0;5190496.484600002;0.2261162307644591;0.026039613475406814;0.20252752378495792;0.4522324615289182
496494.0;3225546.8968999996;0.31493528847523405;0.026247506751628333;0.12585732941340286;0.6298705769504681
496478.0;3678920.895699999;0.2827054395958079;0.026278886868793847;0.14354748941984477;0.5654108791916158
496381.0;3578225.0737;0.282647239544299;0.026469128829109765;0.13961844803706802;0.565294479088598
496379.0;6969226.4003000045;0.19877825276326724;0.026473051343755456;0.27193162922607933;0.3975565055265345
496250.0;3123493.1661999985;0.3246784052707101;0.0267260535384024;0.12187530391102339;0.6493568105414202
496224.0;5020667.3209;0.237598403275585;0.026777046228796356;0.19590097464988374;0.47519680655117
496003.0;4852393.122499999;0.24009014758853278;0.027210484097144997;0.18933509856847894;0.48018029517706556
495960.0;3150740.0557;0.31250225166292667;0.027294818162027314;0.12293844788533298;0.6250045033258533
495773.0;3197288.0370999984;0.30370638531467736;0.02766157328139924;0.12475469945935876;0.6074127706293547
495554.0;4911922.354799998;0.23255765408889084;0.02809108863510219;0.19165786442456015;0.4651153081777817
495461.0;9140359.865099998;0.19871409589567354;0.028273485566126733;0.356646894083153;0.3974281917913471
494628.0;5776651.512400001;0.2237266574457599;0.029907212916056226;0.22539865503158385;0.4474533148915198
494594.0;3098593.9230000004;0.3339236404021959;0.02997389566503294;0.12090376254029386;0.6678472808043918
494503.0;3354419.5371999997;0.2995901459533199;0.030152370081411792;0.13088579958018304;0.5991802919066398
494497.0;4812772.314299999;0.23432072652297387;0.03016413762534886;0.1877891377535718;0.46864145304594773
494483.0;3054869.4922999996;0.3293585535397289;0.03019159522786868;0.1191976828415884;0.6587171070794579
494159.0;3123317.616899999;0.32374753932359834;0.030827042600470308;0.12186845416839537;0.6474950786471967
494051.0;5608875.219100001;0.22582384014753173;0.031038858391337517;0.21885220666528918;0.45164768029506347
494031.0;3024397.5182999982;0.3293074507032865;0.03107808353779441;0.11800869958008918;0.658614901406573
493655.0;2995606.1300000004;0.34272690578048093;0.031815516291183954;0.11688529094354926;0.6854538115609619
493437.0;2988882.5617999984;0.33139593339857915;0.03224307038756406;0.11662294462993825;0.6627918667971583
493303.0;2924581.3623;0.33872104033588846;0.03250587886882523;0.11411398180725352;0.6774420806717769
493244.0;9072934.204300001;0.19369343184089402;0.03262159305087305;0.35401601818103007;0.38738686368178804
493190.0;2909032.5628;0.3427269057804809;0.03272750094630666;0.11350728457320144;0.6854538115609617
493157.0;2949963.3551999982;0.333825516938043;0.032792222437960525;0.11510435954587944;0.667651033876086
493139.0;4657722.105399999;0.22655709192586015;0.032827525069771726;0.1817392473502114;0.4531141838517203
492986.0;6461237.835;0.20787341255912917;0.03312759744016694;0.25211046827422645;0.41574682511825833
492895.0;2831440.1607999997;0.3470394735292478;0.03330607185654579;0.1104797134943631;0.6940789470584956
492639.0;2937266.9206;0.32966914704986516;0.033808153731193995;0.11460895848587208;0.6593382940997303
492528.0;2903788.505899998;0.3430764633952307;0.03402585329402974;0.11330266718029963;0.6861529267904614
492410.0;2728551.6677999995;0.3469438408141016;0.03425728165812539;0.10646511647554595;0.6938876816282032
492262.0;2953434.0026999977;0.3296593129517435;0.03454754774190638;0.1152397804340721;0.659318625903487
492128.0;1.01631928627E7;0.19051763837062644;0.03481035622316755;0.39655672445565887;0.38103527674125287
492083.0;2934665.2015;0.33856674142979865;0.03489861280269555;0.11450744223815468;0.6771334828595973
491936.0;6501504.048300004;0.1944103933021365;0.0351869176291537;0.2536816120937131;0.388820786604273
491936.0;6599272.407600004;0.19147154209382639;0.0351869176291537;0.2574964270680215;0.38294308418765277
491933.0;2896820.9841999984;0.33863025634792987;0.03519280140112223;0.11303080206662398;0.6772605126958597
491448.0;3399115.9339999994;0.2895319762620606;0.03614401120270183;0.13262980433827729;0.5790639525241212
491392.0;5780121.383600002;0.22027045669615208;0.03625384161278112;0.2255340456293954;0.44054091339230417
491349.0;2924946.585199999;0.33842074470234224;0.03633817567766344;0.11412823240732343;0.6768414894046845
491230.0;2692966.027699999;0.36308045163220914;0.03657156529908193;0.10507660352825104;0.7261609032644183
491100.0;6374687.894300001;0.20788338014948354;0.036826528751051725;0.2487333837841949;0.4157667602989671
491062.0;2962837.799199999;0.32956759218392345;0.03690105652931982;0.11560670633893949;0.6591351843678469
490976.0;2710163.9239999987;0.36294074220591305;0.037069724659084445;0.10574764672465499;0.7258814844118261
490945.0;4274118.757999999;0.24218219582094377;0.03713052363609263;0.1667714622269488;0.48436439164188755
490864.0;5372991.684600003;0.22496912875931377;0.037289385479243035;0.20964828787145728;0.44993825751862754
490671.0;2865507.8766999994;0.3430118480875715;0.037667908142552026;0.11180899869139721;0.686023696175143
490568.0;2620320.4386999994;0.37774283150283433;0.037869917646805015;0.10224205170883997;0.7554856630056687
490492.0;2605710.569399999;0.37057337839700644;0.038018973203341196;0.10167199050931314;0.7411467567940129
490473.0;3321916.5303999986;0.2951345548349459;0.03805623709247524;0.12961756762928958;0.5902691096698918
490357.0;2649303.4791999995;0.35910290731624744;0.03828374294192521;0.10337293840564053;0.7182058146324949
490271.0;2704722.172299999;0.35295401589569986;0.03845241107168984;0.10553531549581716;0.7059080317913997
490237.0;2816860.6915999986;0.3446365848315059;0.03851909382066655;0.10991083847365246;0.6892731696630118
489983.0;6103691.860100005;0.2196380079845593;0.039017253180669065;0.23815941346653685;0.4392760159691186
489939.0;6194209.549100006;0.20974535233140282;0.03910354850287422;0.24169131517696057;0.41949070466280564
489906.0;4454100.004099995;0.23618110897425718;0.03916826999452809;0.17379413456831583;0.47236221794851435
489870.0;2513757.032599999;0.3704623130742327;0.039238875258150493;0.09808406358042934;0.7409246261484654
489803.0;2722207.3995999997;0.35127549679953746;0.03937027949878108;0.10621757003512627;0.7025509935990749
489718.0;2886925.531;0.3199370613347705;0.03953698637122286;0.11264469225241416;0.639874122669541
489551.0;2720128.4794999994;0.35146449612404446;0.0398645163441379;0.10613645283540385;0.7029289922480889
489452.0;5020969.8278;0.22469386592407434;0.04005868081909951;0.19591277813989028;0.4493877318481487
489300.0;2584349.6735999994;0.3630804516322091;0.04035679193217188;0.10083851160319346;0.7261609032644182
489292.0;2813784.3531000004;0.3249634145507059;0.04037248199075463;0.10979080309349615;0.6499268291014118
489100.0;2631044.0694999984;0.361031347609884;0.040749043396740785;0.10266047611165995;0.722062695219768
489046.0;2571528.1443999987;0.3633430502339499;0.04085495129217439;0.10033822948803993;0.7266861004678998
489004.0;4284875.901500001;0.23388752863769657;0.04093732409973386;0.1671911942588495;0.46777505727539315
488865.0;5038577.2848;0.22181962552144302;0.04120993886760925;0.19659980194906543;0.44363925104288604
488769.0;2589960.8581999997;0.3472050663578742;0.04139821957060232;0.10105745391938807;0.6944101327157484
488751.0;2468545.3532999996;0.3812119909878406;0.041433522202413524;0.09631995305998957;0.7624239819756812
488558.0;3784968.9283;0.2826158546336833;0.041812044865722514;0.14768536823518894;0.5652317092673667
487431.0;2461150.807299999;0.3877490078867952;0.0440223818685683;0.09603142592287708;0.7754980157735905
486884.0;2478074.073999999;0.37774283150283433;0.045095189624164256;0.09669175337118043;0.7554856630056687
486339.0;2507071.9722;0.3513434761501386;0.04616407486511453;0.09782321979926474;0.7026869523002772
486255.0;2466270.676999999;0.37419735744612664;0.04632882048023347;0.09623119766639317;0.7483947148922533
486241.0;2408088.074699999;0.3744484080245004;0.04635627808275329;0.09396097584731565;0.7488968160490008
486057.0;6067081.501300003;0.18927139416541347;0.04671714943015669;0.23673091711081404;0.37854278833082694
485969.0;2459434.570699999;0.3705733783970064;0.046889740074567005;0.09596446023860036;0.7411467567940128
485389.0;2393351.9469999988;0.3927749354970512;0.04802726932181683;0.09338598818243335;0.7855498709941025
485386.0;2340248.703599999;0.397481473799603;0.04803315309378536;0.09131395741954562;0.794962947599206
485105.0;2349583.8241;0.39459619931417855;0.04858426640150468;0.09167820366163608;0.7891923986283571
484956.0;2477668.4755999986;0.36308045163220914;0.04887649374260851;0.09667592736304287;0.7261609032644183
484757.0;2358750.6270999997;0.38121199098784037;0.04926678394985457;0.09203588233806381;0.7624239819756807
484173.0;2426787.8993;0.3632032267938326;0.050412158226395776;0.09469062265137146;0.7264064535876652
484143.0;2787001.531899999;0.3387686595931925;0.050470995946081114;0.10874576655918673;0.677537319186385
483909.0;4679598.1338;0.22209427570290233;0.050929930159626734;0.18259282616974185;0.44418855140580465
483805.0;5482012.2962000035;0.21744288477673374;0.05113390092120256;0.2139021534841938;0.43488576955346747
483733.0;2263173.738199998;0.41377405737371803;0.05127511144844737;0.08830657615369038;0.8275481147474361
483613.0;6020068.6621;0.20900383183144025;0.051510462327188714;0.23489652729135715;0.4180076636628805
483537.0;7788412.662100001;0.18841703525096867;0.0516595178837249;0.3038953856053104;0.37683407050193735
483339.0;2284986.3597999997;0.4066631019091334;0.05204784683364812;0.0891576809088932;0.8133262038182668
483077.0;9329011.736900002;0.188221031153209;0.052561696252233385;0.36400788480271346;0.376442062306418
482985.0;9055376.5105;0.18822103115320898;0.052742131925935076;0.3533309360777594;0.37644206230641797
482959.0;4584688.642200001;0.22615353731098004;0.05279312461632903;0.17888956110165685;0.45230707462196007
482854.0;2278817.2820999995;0.407754113791156;0.05299905663522771;0.08891697021111603;0.815508227582312
482807.0;9675154.305899998;0.182438361670199;0.05309123572940141;0.37751399112301004;0.364876723340398
482656.0;2114672.009499999;0.43501413900791425;0.05338738558515093;0.08251220032073688;0.8700282780158285
482485.0;2178159.0608999995;0.40952342443650397;0.053722760587357345;0.08498939597063264;0.8190468488730079
482385.0;2131399.0308999997;0.4252175726767964;0.0539188863196418;0.08316487049101658;0.8504351453535928
482199.0;9471288.4999;0.1777386162401637;0.05428368018169088;0.36955936924895516;0.3554772324803274
481943.0;2300433.228599999;0.38792951084217187;0.05478576205633908;0.08976040091796689;0.7758590216843437
481853.0;2666602.207999999;0.34686047920569385;0.05496227521539509;0.10404791597645406;0.6937209584113877
481574.0;3984422.630899998;0.26049569461938404;0.05550946600846871;0.15546783463646074;0.5209913892387681
481426.0;5718246.4613;0.21430370134452503;0.0557997320922497;0.22311975350243102;0.42860740268905007
481309.0;2236653.8271999997;0.4093064743796244;0.05602919919902251;0.08727179808924843;0.8186129487592488
481165.0;2222423.6861999994;0.4091089858838284;0.05631162025351212;0.08671655347471269;0.8182179717676568
480485.0;5489156.835700004;0.21489091143081337;0.057645275233046404;0.21418092563976932;0.42978182286162675
480397.0;7997110.012300002;0.18817162896903122;0.05781786587745672;0.3120385290756687;0.37634325793806245
480300.0;2281667.789800001;0.4000898269594549;0.05800810783777264;0.089028193919238;0.8001796539189098
480268.0;2169931.7838;0.4093043629665441;0.05807086807210366;0.08466837657229583;0.8186087259330882
480188.0;2027950.6178999995;0.43474392877497653;0.05822776865793123;0.07912842600318484;0.8694878575499531
480036.0;4227708.643599999;0.2221228410494068;0.0585258797710036;0.16496059007321628;0.4442456820988136
479954.0;2017574.4968999994;0.44164601579215684;0.05868670287147685;0.07872356105455072;0.8832920315843137
479548.0;5203858.071600002;0.21672679906465606;0.05948297334455172;0.20304887836769894;0.4334535981293121
479535.0;3878708.1936999992;0.2643987033395332;0.059508469689748704;0.15134297235055824;0.5287974066790664
479381.0;5869833.686800003;0.2082129208598037;0.05981050331746676;0.2290345220624397;0.4164258417196074
479373.0;2090708.1270999995;0.41751496239979463;0.05982619337604952;0.08157715571042924;0.8350299247995893
479361.0;2119073.7348999996;0.4148220974527269;0.059849728463923654;0.08268395085525479;0.8296441949054538
479353.0;2004676.2382999996;0.4276770190844995;0.05986541852250641;0.07822028504171719;0.855354038168999
479111.0;1979111.6108999995;0.4252175726767964;0.060340042794634785;0.07722278110367028;0.8504351453535928
478948.0;3789469.3192999987;0.2792047474481028;0.060659727738258444;0.14786096859403672;0.5584094948962056
478631.0;7521206.420100003;0.1872316390193986;0.06128144630960016;0.29346928885469975;0.3744632780387972
478598.0;5004630.259600003;0.2213657030778624;0.06134616780125403;0.19527522597179248;0.4427314061557248
478476.0;1918158.2057999994;0.43211914022087256;0.06158544119464106;0.07484444557492254;0.8642382804417451
478412.0;3783589.0273999996;0.2648319524667581;0.06171096166330311;0.14763152600387736;0.5296639049335162
478325.0;5457834.185700002;0.2107321317207147;0.06188159105039059;0.21295874992657793;0.4214642634414294
478075.0;9747174.198199999;0.17365799264971388;0.06237190538110172;0.3803241289381602;0.34731598529942775
477863.0;1814759.5196999994;0.44113483658345715;0.06278769193354476;0.07080994137660884;0.8822696731669143
477753.0;1890099.7554999993;0.4392039830051702;0.06300343023905766;0.07374963538145407;0.8784079660103404
477548.0;5797376.206700002;0.20840736889191033;0.06340548799024079;0.22620731004757944;0.41681473778382067
477462.0;2082218.7543999995;0.4241799846312047;0.06357415612000542;0.08124590962703052;0.8483599692624094
477368.0;5212843.490599999;0.2043849836251106;0.0637585143083528;0.20339947963785468;0.4087699672502212
477171.0;1885989.0284999998;0.43008398259163594;0.06414488200095317;0.07358923928779791;0.8601679651832719
476352.0;1824237.5275999997;0.43699855343312377;0.06575115174836284;0.0711797629295367;0.8739971068662475
476138.0;2050053.6722999997;0.4116155333000698;0.06617086081545157;0.0799908631301529;0.8232310666001396
476065.0;2349141.3061999995;0.38686402026603656;0.06631403260001922;0.09166093709478965;0.7737280405320731
475706.0;2034131.0222999996;0.4198853066974192;0.0670181239789204;0.07936957865646867;0.8397706133948384
475615.0;2147248.5972;0.4031072054471435;0.06719659839529926;0.08378330331826701;0.806214410894287
475609.0;1781626.9899999995;0.44347017636431035;0.06720836593923632;0.06951714612729472;0.8869403527286207
475476.0;8529456.175099999;0.18156634487282275;0.06746921316317465;0.33281009697253355;0.3631326897456455
475441.0;1742943.3899;0.4517522085457816;0.0675378571694742;0.0680077541524451;0.9035044170915632
475441.0;9235923.321799997;0.17794978817474283;0.0675378571694742;0.36037567615770116;0.35589957634948566
475390.0;1916536.6566;0.42521757267679655;0.06763788129293928;0.07478117448994141;0.8504351453535931
475361.0;8090484.4442;0.18289147423360896;0.06769475775530177;0.31568189778493216;0.3657829484672179
475300.0;5637898.534399999;0.19793058049499787;0.06781439445199529;0.21998466484095283;0.39586116098999574
475214.0;1729307.1408999998;0.45523000259100554;0.06798306258175991;0.06747568255739074;0.9104600051820111
475091.0;2743826.0177;0.3427151989306209;0.0682242972324698;0.10706110498490154;0.6854303978612418
474810.0;1679359.0716999995;0.45307713653211046;0.06877541054018911;0.06552676325787303;0.9061542730642209
474611.0;2061249.1842999998;0.4060066836486194;0.06916570074743517;0.08042769982382798;0.8120133672972388
474571.0;1781488.3429;0.44761277035165825;0.06924415104034895;0.06951173626834845;0.8952255407033165
474538.0;3709722.4561999994;0.27083723674894067;0.06930887253200281;0.14474933278787055;0.5416744734978813
474533.0;3530943.8199;0.2853643110084866;0.06931867881861704;0.1377735849720466;0.5707286220169732
474472.0;1818917.8430999997;0.4392039830051703;0.06943831551531056;0.0709721946299918;0.8784079660103405
474359.0;1658280.2459000002;0.45870084743042244;0.06965993759279199;0.06470429041616425;0.9174016948608449
474189.0;5857732.946900002;0.19262545658617503;0.06999335133767556;0.22856236436130567;0.38525091317235005
474151.0;1746761.6793999996;0.44761277035165825;0.07006787911594364;0.06815673965312377;0.8952255407033165
474019.0;1765594.3533999994;0.4468230219720401;0.07032676508255913;0.06889157009618171;0.8936460439440802
473821.0;4351006.968199999;0.2174211749171182;0.07071509403248234;0.16977155650815381;0.4348423498342364
473689.0;1721492.7248999996;0.45093521470985937;0.07097397999909782;0.06717077254984113;0.9018704294197187
473492.0;9358932.890099997;0.17383166330209188;0.07136034769169819;0.36517537563607877;0.34766332660418375
473327.0;1721642.7352999994;0.4478478127607261;0.07168395514996755;0.06717662579238624;0.8956956255214522
473114.0;1870354.1898999992;0.43443714070128087;0.07210170295973342;0.07297918490170394;0.8688742814025617
472964.0;7204102.522899999;0.17955855250929023;0.0723958915581601;0.28109623990398347;0.35911710501858046
472775.0;1666037.7002999992;0.457275389006216;0.07276656919217772;0.06500697784407562;0.914550778012432
472460.0;1882350.0020999997;0.43332518107128937;0.07338436524887375;0.07344724843818136;0.8666503621425787
472338.0;1809572.662;0.43920398300517016;0.07362363864226078;0.07060755583423876;0.8784079660103403
472184.0;5557938.583600001;0.19440971606220256;0.07392567226997884;0.2168647145846454;0.3888194321244051
472091.0;1663784.4584;0.45695137110880274;0.07410806920100338;0.06491905879743927;0.9139027422176055
472043.0;1618031.4633999998;0.457275389006216;0.07420220955249991;0.06313382672752299;0.914550778012432
471887.0;1718474.7696999991;0.45175220854578163;0.07450816569486367;0.06705301522250963;0.9035044170915633
471535.0;1721068.8219999997;0.4490621167561031;0.07519852827250494;0.06715423232003519;0.8981242335122062
471306.0;1778445.2124;0.43474392877497653;0.07564765619943634;0.06939299662821034;0.8694878575499531
471303.0;1733576.452499999;0.44761277035165825;0.07565353997140487;0.06764226644954434;0.8952255407033165
471289.0;1601823.4979;0.46369592233815743;0.07568099757392469;0.0625014095535501;0.9273918446763149
471018.0;1632722.4308;0.4536371694705313;0.07621249830841556;0.06370705228664923;0.9072743389410626
470459.0;1597148.4594;0.46160877674897194;0.07730884115188565;0.06231899463932879;0.9232175534979439
470382.0;6670325.402100002;0.17721888317781714;0.07745985796574469;0.2602688375833327;0.3544377663556343
470246.0;1760945.6465999996;0.447262200768989;0.07772658896165154;0.06871018261623647;0.894524401537978
470157.0;1581527.1198;0.470234196001827;0.0779011408633847;0.06170946696952328;0.940468392003654
470067.0;5071388.922000002;0.2132116570724629;0.07807765402244071;0.19788007632227098;0.4264233141449258
469821.0;1432418.4097000002;0.47509872126465363;0.07856012332386046;0.055891407382946116;0.9501974425293073
469611.0;1537973.1870999997;0.4664721340781409;0.07897198736165781;0.06001003991721741;0.9329442681562818
469576.0;1593467.6524000005;0.45752502117206395;0.07904063136795737;0.0621753735561719;0.9150500423441279
469319.0;1698921.1854999994;0.45151065540295376;0.07954467449992841;0.06629005564804577;0.9030213108059075
469305.0;1586725.6397999993;0.45523000259100554;0.07957213210244823;0.06191230756214677;0.9104600051820111
469161.0;8197486.4881;0.17237481786960976;0.07985455315693785;0.3198570010829101;0.3447496357392195
469030.0;1565718.0395;0.4554780521754041;0.08011147786623048;0.06109261386193018;0.9109561043508082
468479.0;1374388.9746;0.4761093893126153;0.08119213065111781;0.05362716198131405;0.9522187786252306
468380.0;1526534.7379999997;0.46343076209237405;0.08138629512607942;0.05956372408229939;0.9268615241847481
468351.0;1749964.5017999993;0.4454851418912331;0.08144317158844191;0.06828171029740018;0.8909702837824662
468242.0;1428433.2357000003;0.4695060837454214;0.08165694863663198;0.05573591023070512;0.9390121674908428
468137.0;4910560.380799999;0.2127569033788678;0.08186288065553064;0.19160472168137602;0.4255138067577356
468129.0;1500004.4069000003;0.4692318403035554;0.0818785707141134;0.05852853943689605;0.9384636806071108
467844.0;1656433.1745999996;0.45332282589224654;0.0824375290511241;0.06463221970428663;0.9066456517844931
467823.0;4196876.673699996;0.23026498994366226;0.08247871545490383;0.1637575601634983;0.4605299798873245
467751.0;1415455.0628;0.47509872126465363;0.08261992598214864;0.055229516048859784;0.9501974425293073
467728.0;1344017.8449999997;0.47859111887870237;0.08266503490057406;0.05244211355854951;0.9571822377574047
467688.0;6568692.774000004;0.18467586192339738;0.08274348519348784;0.25630324304610097;0.36935172384679477
467537.0;1631568.2402999995;0.4531088399131657;0.08303963504923736;0.06366201702949516;0.9062176798263314
467465.0;4127990.121599997;0.22257383920377805;0.08318084557648217;0.1610696818728011;0.4451476784075561
467226.0;1987667.4992;0.41927342010300955;0.08364958607664201;0.0775566225533892;0.8385468402060191
467101.0;1553143.5762999994;0.46327566806918635;0.08389474324199758;0.060601971993203926;0.9265513361383727
466834.0;6184955.692600002;0.1849962247010504;0.08441839894719706;0.24133023976770682;0.3699924494021008
466729.0;1354848.8826000001;0.4734750739688206;0.08462433096609574;0.052864728857810024;0.9469501479376412
466705.0;1494925.0118;0.4589201858567182;0.08467140114184402;0.05833034696822168;0.9178403717134364
466694.0;6512534.8373000035;0.1840328563730453;0.08469297497239531;0.25411202147520345;0.3680657127460906
466416.0;1476746.7741999999;0.46500960129799773;0.08523820450814608;0.057621051921239994;0.9300192025959955
466369.0;1703408.7180999997;0.44826821256271526;0.08533038360231977;0.06646515428611996;0.8965364251254305
466098.0;1629132.8489999992;0.44761277035165836;0.08586188433681065;0.06356699071151192;0.8952255407033167
465841.0;1351208.511;0.4720999041965453;0.08636592746878169;0.0527226855199535;0.9441998083930906
465816.0;1582760.7795;0.4516597739251566;0.0864149589018528;0.061757603028371515;0.9033195478503132
465767.0;1421609.2181999995;0.4690701750543749;0.08651106051067219;0.05546964449473153;0.9381403501087499
465667.0;1385072.4132;0.46979300393769974;0.08670718624295663;0.054044018128232986;0.9395860078753995
465594.0;1298139.5417999995;0.47977550963139814;0.08685035802752429;0.05065199209904763;0.9595510192627963
465594.0;8897497.404400002;0.1427934766913154;0.08685035802752429;0.3471706651844675;0.2855869533826308
465466.0;1281104.2089000002;0.4827476102849748;0.08710139896484838;0.04998729194958685;0.9654952205699496
465465.0;1314357.3195000002;0.47736917515282606;0.08710336022217123;0.05128479213438551;0.9547383503056521
465151.0;1318118.2982;0.47688971702740035;0.0877191950215444;0.05143154143002204;0.9537794340548007
465131.0;1494198.3370999994;0.46352746687620106;0.0877584201680013;0.05830199291229949;0.9270549337524021
464935.0;1261906.5963;0.48203273068758495;0.08814282660327882;0.049238221999535516;0.9640654613751699
464807.0;1441969.1095999999;0.46716369815400904;0.08839386754060292;0.05626406529860006;0.9343273963080181
464519.0;1267767.0188999996;0.47888819518447323;0.08895870964958215;0.0494668893112335;0.9577763903689465
464480.0;1307271.7702;0.47766297367297667;0.0890351986851731;0.05100832171221242;0.9553259473459533
464447.0;1235888.7012999998;0.4797755096313982;0.08909992017682695;0.048223032053047545;0.9595510192627964
464379.0;1497784.9833999996;0.45663743692683717;0.0892332856747804;0.0584419399474216;0.9132748738536743
464353.0;6271178.9328000005;0.18493344281644683;0.08928427836517434;0.24469457675979076;0.36986688563289366
464252.0;1217817.0286000003;0.483332819858348;0.08948236535478164;0.04751789505248464;0.966665639716696
464070.0;8765000.193000002;0.1675395179931026;0.08983931418753935;0.3420007681981444;0.3350790359862052
463758.0;4428488.646999998;0.20583659334127533;0.09045122647226685;0.17279480728823302;0.41167318668255065
463623.0;1343248.1935999996;0.4719306305837209;0.09071599621085086;0.05241208259856676;0.9438612611674418
463608.0;5183918.7584000025;0.19989950707766094;0.09074541507069352;0.2022708680674608;0.3997990141553219
463225.0;5769860.7164;0.17976144736960134;0.09149657662534297;0.22513368556238383;0.3595228947392027
463000.0;6989466.791200002;0.1744083139082621;0.09193785952298299;0.27272138725049533;0.3488166278165242
462975.0;1203945.6965;0.48310608223628626;0.09198689095605411;0.0469766507707195;0.9662121644725725
462846.0;8435534.009600002;0.1557103891633964;0.09223989315070105;0.32914535629432057;0.3114207783267928
462835.0;1451962.8898999998;0.4656261070993924;0.09226146698125234;0.05665401172923826;0.9312522141987848
462447.0;7793375.317400001;0.17163320008151906;0.09302243482251601;0.3040890230140417;0.3432664001630381
462398.0;1224120.2406;0.4820327306875849;0.0931185364313354;0.04776383952466357;0.9640654613751698
462209.0;1324492.4129000003;0.4737590743673853;0.09348921406535302;0.051680252448388496;0.9475181487347706
462150.0;3892746.912399999;0.2562422917138766;0.09360492824740084;0.1518907478752812;0.5124845834277532
461958.0;5236830.772400003;0.17586706535979338;0.093981489653387;0.20433543726728387;0.35173413071958676
461875.0;1309145.2760000003;0.4761093893126153;0.0941442740111831;0.05108142386951021;0.9522187786252306
461871.0;1198502.3858000005;0.4889928865731572;0.09415211904047446;0.0467642587113984;0.9779857731463144
461526.0;7609251.505500003;0.16320911671814173;0.09482875281685584;0.29690471226369397;0.32641823343628346
461171.0;6433930.798300004;0.17449166542279726;0.09552499916646563;0.25104497742163384;0.3489833308455945
461161.0;7563073.720500002;0.1696011838422121;0.09554461173969409;0.2951029053502952;0.3392023676844242
460941.0;1296141.8855;0.47592876377375826;0.09597608835071988;0.050574045724358294;0.9518575275475165
460805.0;8955544.360800002;0.12891388802543896;0.09624281934662673;0.34943559424815634;0.2578277760508779
460775.0;6754610.479800002;0.17016095144288568;0.09630165706631207;0.2635575495840536;0.34032190288577135
460733.0;3677367.0199999996;0.277694453110238;0.09638402987387154;0.14348685888118162;0.555388906220476
460695.0;1187719.2509;0.48467133545040664;0.09645855765213963;0.04634351252335729;0.9693426709008133
460259.0;1296031.9330000004;0.47766297367297667;0.09731366584489985;0.05056975549747442;0.9553259473459533
460105.0;1232300.9359000004;0.4784029557131051;0.0976156994726179;0.04808304135186142;0.9568059114262102
459849.0;6203509.866000004;0.16221115519930604;0.0981177813472661;0.24205420342045722;0.3244223103986121
459618.0;1375401.8148000003;0.4695863356202718;0.0985708317888432;0.053666681903599814;0.9391726712405436
459601.0;1740782.654;0.4415087115203216;0.09860417316333155;0.0679234445892504;0.8830174230406432
459567.0;7300495.645000002;0.16002067011898788;0.09867085591230826;0.28485739461947873;0.32004134023797576
459476.0;1183145.6887;0.48461458578614797;0.09884933032868712;0.04616505710392088;0.9692291715722959
459468.0;3757158.6675;0.26860306193301475;0.09886502038726987;0.146600242125895;0.5372061238660295
459439.0;1159476.4608000002;0.4828189798478945;0.09892189684963236;0.04524150959151789;0.965637959695789
459212.0;1254083.7507;0.4775958795463389;0.09936710226191807;0.048932983078168214;0.9551917590926778
459138.0;3054870.461699998;0.31111645698517854;0.09951223530380857;0.11919772066652129;0.6222329139703571
458821.0;3645466.9702999983;0.2773410025262921;0.10013395387515028;0.1422421536601056;0.5546820050525842
458758.0;5781051.608200001;0.17235900801975587;0.10025751308648949;0.22557034198088327;0.34471801603951174
458758.0;5897182.090000001;0.17209600183550036;0.10025751308648949;0.23010162699084138;0.3441920036710007
458413.0;8698613.055800002;0.14627099558923695;0.10093414686287085;0.3394104143566228;0.2925419911784739
458183.0;1183834.3467000006;0.48233968323989784;0.10138523604712509;0.04619192778958431;0.9646793664797957
457961.0;1153939.9113000005;0.480726940621115;0.10182063517279658;0.045025479455696654;0.96145388124223
457959.0;1071899.7725999998;0.489856868702023;0.10182455768744227;0.041824362531490494;0.979713737404046
457242.0;2299587.7605;0.3986750514552641;0.1032307791879218;0.08972741167286478;0.7973501029105282
457004.0;1432254.3981000006;0.4687795796125291;0.10369755843075878;0.05588500782881512;0.9375591592250582
456797.0;1201208.3321999998;0.47999548909857637;0.1041035386965876;0.04686984179492667;0.9599909781971527
456766.0;1723749.4005999994;0.4433591750946766;0.10416433767359579;0.06725882557961635;0.8867183501893532
456753.0;1347966.9423000002;0.4701438252426995;0.10418983401879277;0.052596203037220374;0.940287650485399
456689.0;1119301.6578000002;0.4893232325612452;0.10431535448745481;0.04367393250245152;0.9786464651224904
456671.0;7013505.160100001;0.15929696577469685;0.10435065711926601;0.27365933824296607;0.3185939315493937
456341.0;4021537.9359999974;0.23250124093897553;0.10499787203580471;0.15691603344725435;0.46500248187795107
456152.0;1193637.3027000003;0.47928195152898045;0.10536854966982233;0.046574428463718925;0.9585639030579609
456086.0;1320386.5422999996;0.475155768640743;0.10549799265313006;0.05152004584617486;0.950311537281486
456070.0;1103461.7684000006;0.4839359753236479;0.10552937277029559;0.04305587725730733;0.9678719506472958
456013.0;5649399.089300002;0.16510311574265213;0.10564116443769772;0.2204334039765945;0.33020623148530426
455721.0;6291753.590500005;0.1579481869868159;0.10621385157596833;0.24549737751094589;0.3158963739736318
455406.0;5226981.999499998;0.19377458366617178;0.10683164763266435;0.2039511488675756;0.38754916733234357
454829.0;1062412.4849;0.4882299651959727;0.10796329310794564;0.04145417889086628;0.9764599303919455
454824.0;1362937.3897;0.46883585252512805;0.10797309939455986;0.05318033360177629;0.9376717050502561
454747.0;1088348.4259000004;0.4873372096029238;0.1081241162084189;0.04246617108146837;0.9746744192058476
454649.0;6346405.892900003;0.12962311451014716;0.10831631942605766;0.24762985087010497;0.2592462290202943
454143.0;1208154.6983000005;0.4783243101629252;0.10930871563141699;0.04714088144011493;0.9566486203258504
454141.0;4739763.465199999;0.19858780049464805;0.10931263814606268;0.18494041192041055;0.3971756009892961
453993.0;4857341.735700002;0.17635941996784266;0.10960290422984367;0.18952818806975108;0.3527188399356853
453831.0;4013276.409399999;0.247779333096037;0.10992062791614449;0.1565936776707028;0.495558666192074
453827.0;5573572.4784999965;0.15654554780057026;0.10992847294543585;0.21747473214859223;0.3130910956011405
453820.0;3884436.077599998;0.24970083902542717;0.10994220174669578;0.15156646814642985;0.49940167805085434
452801.0;1485169.7033999995;0.461571037815232;0.11194072295867434;0.057949705451582074;0.923142075630464
452682.0;1047314.9426000002;0.48813708548232493;0.11217411258009284;0.04086508922163529;0.9762741709646499
452541.0;3884005.037799999;0.22182312798323953;0.11245064986261392;0.15154964944255334;0.44364625596647905
452141.0;969096.2501000001;0.4930055909522944;0.11323515279175174;0.037813080969106266;0.9860111819045888
451626.0;1271638.8117000002;0.47437811157813414;0.11424520031301667;0.04961796245244823;0.9487562231562683
451326.0;1046269.3745000002;0.48981345725096126;0.11483357750987003;0.040824292292310736;0.9796269145019225
451106.0;1468859.2796000005;0.45910589372332855;0.11526505412089583;0.05731329046625305;0.9182117874466571
451054.0;5432280.759400003;0.1753714794110478;0.11536703950168374;0.2119616830432624;0.3507429588220956
450847.0;6311496.559300002;0.12993372639177544;0.11577301976751256;0.2462677266663861;0.2598674527835509
450205.0;1085685.4754;0.4873602692498199;0.11703214696877874;0.04236226565116376;0.9747205384996398
450023.0;1433047.8756000001;0.4608955939525021;0.11738909580153645;0.05591596845728887;0.9217911879050043
449784.0;1039722.4547;0.49221089565277054;0.11785783630169629;0.04056883860701363;0.9844217913055411
449662.0;5693503.997200002;0.13154640443253365;0.11809710969508333;0.22215432948155397;0.2630928088650673
449661.0;1046018.5120999999;0.4919567019733169;0.11809907095240617;0.04081450391448724;0.9839134039466338
449477.0;5593168.454900001;0.14712879031720724;0.11845994229980956;0.218239345820563;0.2942575806344145
449387.0;3099494.4074999993;0.2991135355633928;0.11863645545886557;0.12093889846544718;0.5982270711267856
449112.0;1424816.4533999998;0.4681257366173197;0.11917580122264781;0.05559478732166132;0.9362514732346394
449099.0;994150.8077000002;0.49259803980909905;0.1192012975678448;0.03879068253868842;0.9851960796181981
449008.0;951039.9945;0.4941756992732688;0.11937977198422364;0.03710854552700624;0.9883513985465376
449008.0;997840.1751000001;0.49215343042653115;0.11937977198422364;0.03893463763933666;0.9843068608530623
448930.0;3241934.7205999987;0.2949357117158213;0.11953275005540552;0.12649676445859218;0.5898714234316426
448793.0;4685606.541799999;0.1928736330565276;0.11980144230863522;0.1828272677106888;0.3857472661130552
448736.0;945258.5776000002;0.4999338974084891;0.11991323397603736;0.03688296093173689;0.9998677948169782
448730.0;1768082.769599999;0.434108565766003;0.11992500151997443;0.06898866538805361;0.868217131532006
448691.0;1040827.9412;0.491479325546904;0.12000149055556536;0.04061197348709437;0.982958651093808
448565.0;1208440.0051000002;0.47673397955009;0.12024860897824377;0.04715201380093906;0.95346795910018
448526.0;1420484.630099999;0.4660971446958813;0.1203250980138347;0.05542576429100788;0.9321942893917626
448521.0;912654.6624000001;0.49959220387152187;0.12033490430044894;0.0356107916448985;0.9991844077430437
448369.0;1691453.3423999995;0.44726732237561667;0.1206330154135213;0.06599866853786374;0.8945346447512333
447952.0;1025192.4573000001;0.49039696635986074;0.12145085971714747;0.04000189392209673;0.9807939327197215
447773.0;995871.1490000001;0.4899433844034283;0.12180192477793664;0.03885780838389181;0.9798867688068565
447605.0;1390939.0125999996;0.4676873364618942;0.12213141600817452;0.05427292645194449;0.9353746729237884
447564.0;5320699.607099997;0.1443533019728656;0.12221182755841115;0.20760790791916;0.2887066039457312
447518.0;865160.2604000003;0.4991628326784302;0.12230204539526199;0.03375761176909157;0.9983256653568604
447501.0;2945036.8147000005;0.30953014508930105;0.12233538676975035;0.11491213129733883;0.6190602901786021
447352.0;1075704.6352;0.4879579067281416;0.12262761411085418;0.04197282412914427;0.9759158134562832
447155.0;889995.2986999998;0.4943929564575;0.12301398180345456;0.03472664793450015;0.988785912915
446874.0;5085730.328900003;0.1697325523140751;0.12356509511117388;0.1984396624111292;0.3394651046281502
446768.0;990914.6359000001;0.4919567019733169;0.1237729883873954;0.038664410637119596;0.9839134039466338
446034.0;967930.135;0.48835080159341376;0.12521255126236328;0.03776758042703828;0.9767016031868275
445942.0;964462.1793000003;0.4916377946161556;0.12539298693606496;0.03763226456995202;0.9832755892323112
445897.0;4588841.888800002;0.17479217613415435;0.12548124351559298;0.17905161626382912;0.3495843522683087
445892.0;3501179.485399997;0.26360290137094256;0.1254910498022072;0.13661221303368232;0.5272058027418851
445653.0;1352320.1732999997;0.4699928138219952;0.12595979030236704;0.05276606137302883;0.9399856276439904
445239.0;858644.9748000001;0.49909090737758044;0.12677175083402467;0.033503392415849584;0.9981818147551609
445047.0;872509.8156000002;0.498700752402082;0.12714831224001083;0.03404438341415349;0.997401504804164
444944.0;813425.6431000005;0.49815935247790716;0.1273503217442638;0.03173898330709024;0.9963187049558143
444809.0;872456.6177000003;0.49545104645521304;0.12761509148284783;0.03404230768999309;0.9909020929104261
444798.0;4408223.4657;0.20193818388425808;0.12763666531339912;0.1720040819693894;0.40387636776851615
444770.0;6054664.060700003;0.1312923120047046;0.12769158051843876;0.23624640209304523;0.2625846240094092
444353.0;934317.1305000002;0.49352917299703647;0.12850942482206493;0.03645603757394988;0.9870583459940729
444170.0;805358.3696;0.4987208559180044;0.12886833491214547;0.03142420707508649;0.9974417118360088
444053.0;1388017.8567;0.46575477544826893;0.1290978020189183;0.05415894612794811;0.9315095508965379
444028.0;923210.0061999998;0.49341456416826773;0.1291468334519894;0.03602264967213259;0.9868291283365355
443928.0;5254190.092400003;0.1586769229174432;0.12934295918427385;0.2050127790407774;0.3173538458348864
443828.0;879806.9309;0.49529208876742686;0.1295390849165583;0.03432910891139004;0.9905841775348537
443287.0;1335603.4250999996;0.4725316776844152;0.1306001251282172;0.05211379205183237;0.9450633553688303
443124.0;5981638.560200003;0.13097828923994664;0.13091981007184086;0.23339702654037844;0.2619565784798933
442899.0;866478.0768;0.498137316863013;0.13136109296948087;0.03380903153078239;0.996274633726026
442681.0;4189668.8095999984;0.21436447368125414;0.131788647065861;0.16347631715094982;0.4287289473625083
442654.0;1904019.9001000002;0.4209118198741134;0.13184160101357778;0.07429278427384446;0.8418236397482268
442366.0;878485.8700000002;0.4948460756521718;0.132406443122557;0.03427756255284035;0.9896921513043436
442320.0;5203510.688299999;0.16683701909934337;0.13249666095940785;0.20303532384940523;0.33367403819868674
442233.0;741922.3481000001;0.49719063999577884;0.13266729034649533;0.028949002556350665;0.9943812799915577
441774.0;5424465.617699997;0.1309585744458272;0.13356750745768098;0.21165674471968837;0.2619171488916544
441544.0;2156574.5501999995;0.4018852607181894;0.13401859664193522;0.08414719185448481;0.8037705214363788
441317.0;851696.1692000001;0.49667403615823347;0.13446380205422093;0.03323225758402636;0.9933480723164669
440885.0;3326282.7310999995;0.2900998385103351;0.13531106521768976;0.1297879320286766;0.5801996770206702
440005.0;707067.7208000001;0.4974395511775224;0.13703697166179293;0.027589012932918607;0.9948791023550448
439990.0;5911748.7611000035;0.13049779956539576;0.1370663905216356;0.2306700026436188;0.2609955991307915
439247.0;828713.3833000002;0.496688248497647;0.1385236047125091;0.03233549429137854;0.993376496995294
439155.0;844887.7497;0.4956917319326829;0.1387040403862108;0.032966600465036806;0.9913834638653658
438746.0;3401090.4099999997;0.26877775940503495;0.13950619463125422;0.13270684624288878;0.5375555188100699
438629.0;5142538.9420000035;0.16502757720182143;0.139735661738027;0.2006562726669952;0.33005515440364286
438033.0;3394059.5420999997;0.27954183169983965;0.14090457110244237;0.13243250942943155;0.5590836633996793
437973.0;943303.5197000001;0.49208534649462204;0.14102224654181303;0.03680667670025383;0.9841706929892441
437907.0;1299681.6264999998;0.46647736566110876;0.14115168952512078;0.05071216256572347;0.9329547313222175
437896.0;768381.4569;0.4969440403294058;0.14117326335567204;0.029981408185122366;0.9938880806588116
437814.0;1872565.0322999998;0.43403969565055567;0.1413340864561453;0.07306544956599557;0.8680793913011113
437620.0;5044013.977200002;0.15020760523629972;0.14171457037677715;0.19681193576952363;0.30041521047259945
437566.0;682416.3140000002;0.49816568069968836;0.14182047827221075;0.026627141868785828;0.9963313613993767
437565.0;4782305.335300002;0.17127740987959458;0.1418224395295336;0.18660034939153652;0.34255481975918917
437469.0;1379118.4031999996;0.4653840522436017;0.14201072023252667;0.05381169913804222;0.9307681044872034
437089.0;3219574.1140999985;0.29878735597922484;0.14275599801520758;0.1256242779289873;0.5975747119584497
436998.0;1583811.6076;0.45030467530594787;0.14293447243158644;0.061798605197171376;0.9006093506118957
436975.0;841067.5020000001;0.4959036963763301;0.14297958135001188;0.03281753855752532;0.9918073927526602
436759.0;3814546.2150999987;0.2519746967182021;0.1434032129317463;0.14883944177587122;0.5039493934364042
436621.0;723752.4441000001;0.49669327484684744;0.14367386644229882;0.028240032677371164;0.9933865496936949
436615.0;707067.7208000001;0.4970831748635037;0.1436856339862359;0.027589012932918607;0.9941663497270073
436569.0;3210774.725999998;0.29276918552117726;0.14377585182308675;0.12528093538208387;0.5855383710423545
436464.0;761159.3761;0.4954432750080091;0.14398178384198543;0.029699610452412487;0.9908865500160182
436102.0;3326227.0837999997;0.2867562803981124;0.14469175899285514;0.129785760731594;0.5735125607962248
436051.0;644375.6309000001;0.49740705972025023;0.1447917831163202;0.02514283581556151;0.9948141194405005
435947.0;688036.559;0.49553588362499973;0.14499575387789604;0.026846437711927598;0.9910717672499995
435832.0;1175084.6258;0.48040755123897305;0.14522129847002316;0.04585052320276988;0.9608151024779461
435761.0;5040354.13;0.1667315622837184;0.1453605477399451;0.19666913251495116;0.3334631245674368
435574.0;4014400.9920999985;0.21366436284965692;0.14572730285931704;0.1566375576637243;0.42732872569931385
435500.0;3086981.831899999;0.28817083566897667;0.14587243590120755;0.12045067138351798;0.5763416713379533
435469.0;660561.2399;0.495812580554952;0.14593323487821572;0.02577438066323597;0.991625161109904
435284.0;5258296.4813;0.14546576376683615;0.14629606748294197;0.20517300586649279;0.2909315275336723
435275.0;3077636.299099999;0.2955575453271706;0.14631371879884755;0.12008601886481368;0.5911150906543412
435229.0;3333876.685599997;0.283301996516372;0.14640393663569842;0.130084239868434;0.566603993032744
434753.0;2689351.7014999995;0.32159267552713594;0.1473374951213724;0.10493557645355621;0.6431853510542719
434462.0;4583011.339800003;0.17469132534439538;0.14790822100232018;0.17882411458749042;0.34938265068879076
434417.0;4981654.199900003;0.15919321560325245;0.14799647758184817;0.19437872512814824;0.3183864312065049
434392.0;3616675.1991000003;0.24611554181730427;0.14804550901491928;0.1411187300832244;0.49223108363460855
434353.0;800057.8124;0.4953216068872128;0.1481219980505102;0.031217385101970512;0.9906432137744255
434260.0;611864.5438;0.4944511310100707;0.14830439498153478;0.02387428858015624;0.9889022620201414
434116.0;4164910.4386999984;0.20716214594326957;0.1485868160360244;0.16251027246404876;0.41432429188653913
433964.0;4119066.605299999;0.1923361495532206;0.14888492714909674;0.1607214959786279;0.3846722991064412
433934.0;1870704.9795999997;0.43263756919560165;0.14894376486878208;0.0729928723340182;0.8652751383912033
433747.0;4537840.150200002;0.18709110334210088;0.149310519988154;0.17706158393107788;0.37418220668420177
433538.0;3424161.8428999986;0.25561525805777924;0.1497204227686285;0.13360706844499817;0.5112305161155585
433334.0;556292.3431999999;0.4943605056392784;0.1501205192624888;0.021705921794398494;0.9887210112785568
432354.0;539632.3585000001;0.493644950568488;0.15204255143887643;0.021055867323193846;0.987289901136976
432312.0;1572139.4018999997;0.4527644284858653;0.1521249242464359;0.061343168434128875;0.9055288569717306
431693.0;3520520.3598;0.24285507222127595;0.15333894252927666;0.1373668729032517;0.4857101444425519
431665.0;5356518.391;0.13165026193983026;0.15339385773431632;0.20900551788379043;0.2633005238796605
431339.0;568307.0209000001;0.4933494792220981;0.15403322762156363;0.022174721442153756;0.9866989584441962
431188.0;3036384.7590999994;0.30269196174598567;0.15432937747731315;0.11847642866986725;0.6053839234919713
431004.0;1722128.1329999994;0.44306579211897584;0.15469024882471655;0.06719556548236072;0.8861315842379517
430960.0;3754000.5811999976;0.22642136263502988;0.1547765441469217;0.14647701703555221;0.45284272527005975
430833.0;5288240.337700005;0.13267647365131055;0.15502562382692298;0.20634138255401357;0.2653529473026211
430822.0;1428414.4804999996;0.46082229182490764;0.15504719765747427;0.0557351784232132;0.9216445836498153
430732.0;4847989.934100003;0.16161601195605751;0.15522371081653027;0.18916329094929343;0.32323202391211503
430474.0;2284573.7902999995;0.3928561026271463;0.15572971520582415;0.08914158289602062;0.7857122052542926
430462.0;4794815.3224;0.15097027462004886;0.1557532502936983;0.18708847547301283;0.3019405492400977
430455.0;537008.2676;0.495812580554952;0.1557669790949582;0.020953478152188634;0.991625161109904
430344.0;530829.9775;0.49235622637323545;0.15598467865779395;0.020712407996589726;0.9847124527464709
430225.0;2916939.866299999;0.2882433896124914;0.15621806827921245;0.11381581894990747;0.5764867792249828
429740.0;4877849.5227000015;0.13380615062640264;0.15716927808079204;0.19032837959897034;0.2676123012528053
429638.0;511407.87799999997;0.49364495056848806;0.1573693263277222;0.0199545788120193;0.9872899011369761
429399.0;4543549.958100001;0.1710792810114977;0.157838066827882;0.17728437442110243;0.3421585620229954
429260.0;497684.0582999999;0.49423790358685804;0.15811068159575742;0.01941909030355797;0.9884758071737161
429121.0;4014420.597499997;0.18853010419159255;0.1583832963636328;0.15663832264509484;0.3770602083831851
429090.0;490714.49720000004;0.4892196777113021;0.15844409534064097;0.019147145614713867;0.9784393554226042
428728.0;3084699.1364;0.2783959792160722;0.1591540704915107;0.12036160308946527;0.5567919584321444
428683.0;1426231.9762999993;0.46447766963308373;0.1592423270710387;0.055650019484643876;0.9289553392661675
428445.0;4581101.338499999;0.1648444651931486;0.1597091063138757;0.17874958841550215;0.3296889303862972
428436.0;1023869.3840999999;0.4858519877247898;0.1597267576297813;0.0399502690457911;0.9717039754495796
428228.0;2272284.5341;0.38381529890003413;0.16013469915293296;0.08866206949403115;0.7676305978000683
428219.0;4523202.7104;0.1838082779072645;0.16015235046883855;0.17649044696064717;0.367616555814529
428133.0;2141345.5919000003;0.40293072635370286;0.1603210185986032;0.08355297447595962;0.8058614527074057
428006.0;480036.73340000014;0.49334947922209815;0.16057009827860444;0.018730510892314804;0.9866989584441963
427873.0;4626408.3626;0.14767967426491507;0.16083094550254276;0.18051741918627007;0.29535934852983015
427595.0;4516082.596900001;0.18198667426258652;0.16137617503829355;0.17621262788100786;0.36397334852517305
427567.0;3314081.135899999;0.2780731731203776;0.1614310902433332;0.12931183906350183;0.5561463462407552
427468.0;474820.2892;0.4916601856927093;0.1616252547182948;0.018526970916914964;0.9833203713854186
427338.0;5261718.682200004;0.13247176105856553;0.1618802181702646;0.20530653642108015;0.26494352211713107
427260.0;3359855.042099998;0.2642730083308303;0.16203319624144646;0.13109788706568348;0.5285460166616606
427220.0;394670.4112000001;0.4893635633863668;0.16211164653436025;0.015399609907969519;0.9787271267727335
426782.0;2228751.9545;0.39935253125206194;0.16297067724176614;0.08696347561644778;0.7987050625041239
426165.0;2260977.7901999997;0.3906335045851722;0.16418077300996123;0.0882208926526766;0.7812670091703444
425880.0;2188921.1295000007;0.3954963984611786;0.16473973134697192;0.08540932017457516;0.7909927969223572
425658.0;389167.8535000001;0.4893635633863668;0.1651751304726434;0.015184906095189509;0.9787271267727335
425434.0;412795.70650000003;0.4893635633863667;0.16561445211296058;0.016106839204024618;0.9787271267727334
425418.0;1220160.8836;0.4721298272597111;0.16564583223012608;0.04760934972366482;0.9442596545194222
425394.0;380451.37200000003;0.4875642470237807;0.16569290240587436;0.014844798473587209;0.9751284940475614
425340.0;4386438.134399998;0.1753898999846005;0.16579881030130797;0.17115404205199136;0.350779799969201
425318.0;374750.7886000001;0.48999471266078626;0.16584195796241055;0.014622367913513224;0.9799894253215725
425297.0;3356340.14;0.2435357957558478;0.16588314436619028;0.13096073941116312;0.4870715915116956
425255.0;375746.74309999996;0.4875642470237807;0.16596551717374974;0.014661228974162418;0.9751284940475614
425231.0;4267641.380399998;0.1591544569702215;0.166012587349498;0.16651872200260984;0.318308913940443
425205.0;364955.1758;0.4884095807551264;0.16606358003989197;0.014240153763050673;0.9768191615102528
425147.0;4534737.936900002;0.1475705903296168;0.16617733296461695;0.1769405389443862;0.2951411806592336
425103.0;405915.8756000001;0.48675066938444644;0.16626362828682212;0.015838395689927218;0.9735013387688929
425046.0;439620.04370000004;0.4858085578870033;0.16637541995422425;0.017153495647470294;0.9716171157740066
425008.0;2292872.591499999;0.38055480614328707;0.16644994773249236;0.08946539308689662;0.7611096122865741
424917.0;355286.28200000006;0.4885279779840482;0.1666284221488712;0.0138628840500543;0.9770559559680964
424869.0;0.0;0.4450380565154654;0.16672256250036774;0.0;0.8900761130309308
424721.0;3281812.5136;0.2532774311886742;0.16701282858414873;0.12805275254070758;0.5065548623773484
424301.0;3211823.3798;0.25995876445633076;0.16783655665974342;0.12532185271206422;0.5199175289126615
424263.0;3917379.2027999987;0.21097978783897023;0.16791108443801153;0.1528518730382912;0.42195957567794046
423936.0;0.0;0.44503805651546535;0.1685524155825817;0.0;0.8900761130309307
423921.0;3818639.3639;0.21848712472091741;0.16858183444242436;0.14899915198729458;0.43697424944183483
423662.0;0.0;0.4429592305960727;0.1690898000890411;0.0;0.8859184611921453
423467.0;2823730.7281999993;0.2961291977754718;0.16947224526699575;0.11017889982482346;0.5922583955509436
423352.0;3207425.0824000007;0.2540705999236497;0.1696977898591229;0.1251502359343755;0.5081411998472994
423194.0;5002494.194899999;0.13308384863407938;0.17000766851613233;0.19519187905197086;0.26616769726815875
423113.0;4701150.7893;0.13283551299382163;0.17016653035928272;0.18343378733065507;0.26567102598764325
422693.0;3133900.8647000003;0.27033403066218864;0.17099025843487742;0.12228140097934038;0.5406680613243773
422652.0;2118384.3935;0.39738638076234833;0.17107066998511405;0.08265705350406716;0.7947727615246967
422493.0;3496619.295599999;0.2280653389892081;0.17138250989944634;0.1364342793907402;0.4561306779784162
422462.0;2775423.5352999996;0.3196347559052856;0.1714433088764545;0.10829400573269439;0.6392695118105712
421824.0;1753142.3323999997;0.43076665476853726;0.17269459104842932;0.0684057057888403;0.8615333095370745
421034.0;1933901.5174000002;0.42055566040985615;0.17424398433347651;0.07545873245942061;0.8411113208197123
420926.0;4008267.8264999976;0.18932945158836736;0.17445580012434372;0.1563982482170044;0.37865890317673473
420837.0;2741231.9627999994;0.32110866768908486;0.17463035202607688;0.10695988778592681;0.6422173353781697
420002.0;4354496.878600001;0.13615170191023673;0.17626800189065206;0.16990772901373993;0.27230340382047347
419757.0;4321469.850400001;0.14260615437135862;0.17674850993474897;0.16861905031813387;0.28521230874271725
419508.0;4173714.364099998;0.17789138371736649;0.17723686300813726;0.16285379205146;0.35578276743473297
418949.0;2634331.705400001;0.3395798196540539;0.17833320585160733;0.10278875608640023;0.6791596393081079
418582.0;4193339.4235999985;0.17035319418074613;0.1790529872890913;0.16361954051434022;0.34070638836149225
418488.0;4208970.788299997;0.16777902321986143;0.17923734547743866;0.16422945935263691;0.33555804643972287
418289.0;1769425.5065;0.4296018729028065;0.17962763568468473;0.0690410575205324;0.859203745805613
418270.0;2687511.4700999996;0.3310208032665176;0.1796648995738188;0.10486377262713245;0.6620416065330352
418201.0;4249253.471799999;0.16707132914893782;0.17980022632909506;0.16580124582140227;0.33414265829787565
418175.0;0.0;0.4341640493561013;0.179851219019489;0.0;0.8683280987122026
418044.0;3684474.5960999997;0.22471570267947574;0.18010814372878164;0.14376418876511798;0.4494314053589515
417696.0;4183776.886399998;0.17188259149399307;0.18079066127713153;0.16324642072012327;0.34376518298798614
417266.0;1968793.7710000002;0.4197401385577114;0.1816340019259547;0.07682019022012833;0.8394802771154228
417217.0;4298332.1397;0.15215713816033508;0.18173010353477406;0.16771624202840146;0.30431427632067015
416903.0;3948353.8378999997;0.164574612468643;0.18234593833414725;0.15406046958884434;0.329149224937286
416829.0;4045004.8943999982;0.16447507675118336;0.18249107137603776;0.15783168862390612;0.3289501535023667
416054.0;1956110.5991999994;0.4081417826534649;0.18401104580124225;0.07632530666014238;0.8162835653069298
415782.0;0.0;0.4323796081998032;0.18454450779305598;0.0;0.8647592163996064
415306.0;4233702.338499999;0.16027202087083328;0.18547806627872998;0.1651944575250142;0.32054404174166656
415235.0;2153207.6321999994;0.3972641199813392;0.18561731554865193;0.0840158183784888;0.7945282399626784
415083.0;2758888.5476999995;0.3120003223011702;0.1859154266617243;0.10764882851229192;0.6240006446023404
414768.0;2132091.796899999;0.3927549972669711;0.18653322271842032;0.08319190146636904;0.7855099945339422
414739.0;2418903.613399998;0.3588369240864647;0.18659009918078281;0.09438298639636623;0.7176738481729295
414636.0;3541126.7094000005;0.20860431433970622;0.1867921086850358;0.138170910237853;0.41720862867941244
414629.0;1819022.251899999;0.4169558971686779;0.18680583748629573;0.07097626854773512;0.8339117943373558
414418.0;4178398.806999998;0.14036493126348454;0.1872196627814159;0.1630365739151341;0.2807298625269691
414371.0;4507953.3736999985;0.13613840473299524;0.1873118418755896;0.17589543443913258;0.2722768094659905
413790.0;2099709.8205000004;0.38662521249726783;0.18845133238016226;0.081928391989961;0.7732504249945357
413784.0;2056696.1132;0.3873396714170113;0.18846309992409935;0.08025004394481222;0.7746793428340226
413188.0;2744172.2157999985;0.31787451286185614;0.18963200928851467;0.10707461325798096;0.6357490257237123
412988.0;2635387.619;0.32147876923742374;0.1900242607530836;0.10282995668587529;0.6429575384748475
412870.0;2359849.6873999997;0.3793929478634158;0.19025568911717924;0.09207876647481446;0.7587858957268316
412836.0;4104210.275099998;0.1615466845581962;0.19032237186615594;0.1601418181430172;0.3230933691163924
412727.0;2325870.1097999993;0.3612754489699526;0.190536148914346;0.09075292033832155;0.7225508979399052
412615.0;0.0;0.4294681571186905;0.1907558097345046;0.0;0.858936314237381
412310.0;3833637.5485999975;0.16981711280802822;0.19135399321797217;0.14958436483110868;0.33963422561605644
411990.0;4050100.1263999986;0.1610585990370529;0.19198159556128241;0.15803049903118252;0.3221171980741058
411609.0;0.0;0.4245646920796004;0.1927288346012862;0.0;0.8491293841592008
411038.0;2287983.7986999997;0.3694894219966316;0.19384871253263042;0.08927463771252747;0.7389788439932632
410801.0;3343367.5859000008;0.2326897098700603;0.19431353051814457;0.13045456446877862;0.4653794197401206
410755.0;3505640.3795999996;0.22053716782894048;0.1944037483549954;0.13678627227038034;0.44107433565788096
410518.0;1978365.9486000002;0.390321781095661;0.19486856634050959;0.07719368617226118;0.780643562191322
410483.0;3749042.5311999996;0.1762711623348493;0.19493721034680914;0.14628355932061476;0.3525423246696986
410446.0;2584173.290899999;0.32902168906625007;0.1950097768677544;0.10083162934220444;0.6580433781325001
409517.0;3154303.8292000005;0.2537147216760827;0.19683178492067696;0.12307750244869259;0.5074294433521654
409486.0;2225361.7861;0.3794209574312512;0.19689258389768513;0.08683119493514821;0.7588419148625024
409443.0;3246761.5374000007;0.2467587911217793;0.19697691796256744;0.1266851015968926;0.4935175822435586
409428.0;1928568.4119000009;0.41049910835137704;0.19700633682241012;0.0752506404870624;0.8209982167027541
409128.0;2112234.4814000004;0.3720476912697444;0.19759471401926346;0.08241709062714327;0.7440953825394888
408459.0;3684065.3237;0.1865569311294617;0.19890679516824647;0.14374821940149904;0.3731138622589234
408438.0;3152085.0091000004;0.23226956907165003;0.1989479815720262;0.12299092650322944;0.46453913814330006
408419.0;4121742.150800001;0.14023576212789565;0.19898524546116025;0.1608258928521249;0.2804715242557913
408175.0;3946412.1259999964;0.15219428781038302;0.1994637922479343;0.15398470610375614;0.30438857562076604
408047.0;1946539.3663;0.4084801613206704;0.1997148331852584;0.07595184756917542;0.8169603226413408
407692.0;4118088.428899998;0.14938516686496767;0.20041107953486823;0.16068332860009196;0.29877033372993533
407315.0;3497054.9314999986;0.2258966730901669;0.2011504735455806;0.13645127742943663;0.4517933461803338
407228.0;0.0;0.41944637452057165;0.20132110293266808;0.0;0.8388927490411433
407145.0;2499881.460499999;0.3451880810686174;0.20148388729046418;0.09754265385847878;0.6903761621372349
406861.0;2668531.3609999996;0.3199526308064449;0.20204088437015202;0.10412318942693256;0.6399052616128899
405992.0;2553900.2541;0.33518375622770347;0.2037452169837039;0.09965040839373727;0.6703675124554069
405821.0;2533996.781199999;0.3361198458064059;0.20408059198591033;0.09887379654299852;0.6722396916128118
405613.0;3004857.6532;0.26685387591924487;0.204488533509062;0.11724627530997628;0.5337077518384897
405495.0;4064155.166699998;0.14086822196272392;0.20471996187315764;0.15857891140697397;0.28173644392544783
404944.0;4038902.8830999997;0.14252992110551516;0.20580061465804497;0.15759359478406573;0.2850598422110303
404828.0;0.0;0.41752812869846867;0.20602812050749494;0.0;0.8350562573969373
403752.0;3917157.238499998;0.1548349217315844;0.20813843338687565;0.1528432122328786;0.3096698434631688
403618.0;3605750.126299999;0.19523434513303498;0.20840124186813683;0.14069244563280248;0.39046869026606995
403545.0;0.0;0.4157578151143732;0.20854441365270449;0.0;0.8315156302287464
402851.0;2557325.7025999995;0.32621665340566675;0.20990552623475858;0.09978406566614197;0.6524333068113335
402755.0;0.0;0.4121420501671097;0.21009380693775165;0.0;0.8242841003342194
402417.0;3942387.905399999;0.13602472897314397;0.2107567119128731;0.15382768539567937;0.27204945794628793
402059.0;2704916.2699;0.29438904083955497;0.21145884203445145;0.10554288897292431;0.5887780816791099
401952.0;2516426.849299998;0.34235588568868963;0.2116686965679958;0.09818823692238512;0.6847117713773793
401937.0;1826027.2232;0.4093007043556879;0.21169811542783848;0.07124959490404478;0.8186014087113758
401449.0;3885883.1309999973;0.14346819016162207;0.2126552090013866;0.15162293059520637;0.28693638032324414
401210.0;2849939.2040999993;0.2926217382250788;0.21312394950154645;0.1112015260306119;0.5852434764501576
401044.0;2818810.5948;0.2799880021890383;0.21344951821713865;0.10998692157435166;0.5599760043780766
400710.0;3826583.2210000004;0.16808361222428697;0.2141045781629687;0.14930911264568977;0.33616722444857394
399794.0;3886752.789099999;0.140916008765635;0.2159010898706943;0.1516568637077815;0.28183201753127
399764.0;2438761.6753999987;0.3587729494432414;0.21595992759037963;0.09515782636320966;0.7175458988864828
399692.0;3851443.9982999973;0.14908164474490931;0.21610113811762444;0.1502791531188654;0.29816328948981863
399558.0;1977645.6802999994;0.40194372555740226;0.2163639465988856;0.0771655820870946;0.8038874511148045
398608.0;0.0;0.40576516462583007;0.2182271410555879;0.0;0.8115303292516601
397921.0;0.0;0.40565639400955705;0.2195745248363821;0.0;0.8113127880191141
397663.0;2441675.1088;0.3353389837350348;0.220080529225676;0.09527150536366083;0.6706779674700696
397444.0;3611071.8710999996;0.18796512273271582;0.22051004457937895;0.1409000943230111;0.37593024546543163
397113.0;1899820.6665;0.40144523365389856;0.2211592207532405;0.07412893474898188;0.8028904673077971
396974.0;2090076.584;0.38659133832024684;0.22143183552111587;0.08155251358600323;0.7731826766404937
396335.0;2019613.0990999998;0.38898692631374854;0.22268507895041353;0.07880310509369488;0.7779738526274971
396220.0;2701571.744799998;0.3180858405520604;0.22291062354254065;0.10541238924351505;0.6361716811041208
395842.0;2968819.996999999;0.2704383052829212;0.22365197881057589;0.11584012518640822;0.5408766105658424
395836.0;2698020.9888999998;0.29394070890203;0.22366374635451294;0.10527384261273992;0.58788141780406
395045.0;3797875.1234999998;0.1508595304305229;0.22521510089688299;0.14818895392551673;0.3017190608610458
394471.0;0.0;0.3997180328493299;0.22634086260019573;0.0;0.7994360656986598
394124.0;3726046.0591999996;0.1743068651376637;0.2270214188912228;0.14538626201124014;0.3486137302753274
393567.0;3305970.2649;0.19724543414044018;0.2281138392200472;0.12899536170449719;0.39449086828088037
391522.0;3239743.6402000003;0.2196830356123688;0.23212461044526425;0.1264112708860328;0.4393660712247376
390978.0;0.0;0.39352217869533546;0.23319153442889168;0.0;0.7870443573906709
390709.0;3718300.403399998;0.17152758989371306;0.23371911264873685;0.14508403495185973;0.3430551797874261
390661.0;0.0;0.39189013666456973;0.2338132530002334;0.0;0.7837802733291395
390181.0;2035777.2886;0.3742443900977926;0.23475465651519875;0.07943381417579114;0.7484887801955852
388511.0;0.0;0.39014338543154575;0.23802995624434914;0.0;0.7802867708630915
388234.0;3772460.5202999986;0.1688581421922884;0.23857322452277707;0.1471973037684759;0.3377162843845768
387536.0;3135224.7191;0.24957751541401807;0.23994218213412255;0.12233305633721978;0.49915503082803614
386573.0;3856601.4699999993;0.13926178346491394;0.24183087293602182;0.15048039205149763;0.2785235669298279
386155.0;2505601.9613000005;0.3136830072731603;0.24265067849697083;0.09776586157382385;0.6273660145463206
385463.0;3634274.8512999993;0.16875994610273443;0.24400786856437925;0.1418054493575978;0.33751989220546885
385160.0;2957041.0549999997;0.27723384718562843;0.24460212953320115;0.11538052368910554;0.5544676943712569
384906.0;3277151.6804999993;0.19779277927413808;0.24510028889320365;0.12787089190573386;0.39558555854827615
384360.0;3617114.3960999995;0.16658261772121027;0.24617113539147678;0.14113586707216708;0.33316523544242055
383444.0;2424003.842900001;0.3232831633298512;0.24796764709920235;0.09458199180065373;0.6465663266597024
383403.0;0.0;0.38302835862570045;0.248048058649439;0.0;0.7660567172514009
383389.0;3556880.3942999984;0.18491682554532196;0.2480755162519588;0.13878560187722724;0.3698336510906439
383107.0;3025315.0732000005;0.23182823680123296;0.24862859081700095;0.11804450157367218;0.4636564736024659
382563.0;0.0;0.3828380150529343;0.24969551480062838;0.0;0.7656760301058686
382282.0;2139602.2964000003;0.3681488330118204;0.2502466281083477;0.0834849529828543;0.7362976660236408
381628.0;3490673.9194;0.15430240899762723;0.251529290397488;0.13620229728202898;0.30860481799525447
381008.0;3477746.835799997;0.17695498807977067;0.2527452699376516;0.13569789654906683;0.35390997615954134
380634.0;0.0;0.3768213688652163;0.25347878017639547;0.0;0.7536427377304326
379544.0;3135139.9875999996;0.20748476683842831;0.255616550658296;0.12232975020630676;0.41496953367685663
379207.0;3304764.9449999994;0.18755012639410695;0.25627749437609465;0.1289483314338015;0.3751002527882139
377721.0;2381128.2640999993;0.34595245562344057;0.2591919227578416;0.09290903337924361;0.6919049112468811
376488.0;0.0;0.3749015284479055;0.2616101530369089;0.0;0.749803056895811
375420.0;2089316.6289000006;0.366350252140726;0.26370477585770685;0.08152286096509359;0.732700504281452
375302.0;2421815.6475;0.3420001135025642;0.26393620422180253;0.09449661079765435;0.6840002270051284
373527.0;2360109.7077999995;0.35450781170871626;0.26741743596985157;0.09208891218783088;0.7090156234174325
373374.0;2181745.5523999995;0.3617530562171126;0.26771750834024677;0.08512933696562722;0.7235061124342252
372648.0;2320112.7679000003;0.3569637921414562;0.2691413811566319;0.09052827512335036;0.7139275842829124
372617.0;1907934.0843999998;0.37361260804821794;0.26920218013364006;0.07444551148525264;0.7472252160964359
371856.0;0.0;0.36469460984104496;0.27069469695632475;0.0;0.7293892196820899
369259.0;0.0;0.3563440784227985;0.275788082223752;0.0;0.712688156845597
367255.0;2322767.6948999995;0.34786289988502056;0.27971844189873246;0.09063186748541727;0.6957257997700411
366450.0;2971349.2895;0.2703253166293177;0.28129725404362227;0.11593881542701871;0.5406506332586354
366381.0;2386642.2002999987;0.3436614932167902;0.28143258079889855;0.09312418116870988;0.6873229864335804
366031.0;2950703.875699999;0.23784409834131093;0.28211902086189417;0.11513325384984865;0.47568819668262186
365768.0;3191867.8707999988;0.20552756984716825;0.2826348315378023;0.1245432104693366;0.4110551396943365
365714.0;3047324.255999999;0.23147696171695845;0.28274073943323585;0.11890327593297274;0.4629539234339169
365614.0;2940455.5631000004;0.23499095875511344;0.2829368651655203;0.11473337584588314;0.4699819175102269
365425.0;2264241.2324;0.3551619549019402;0.2833075427995379;0.08834822861557387;0.7103239098038804
364660.0;2750562.5529000005;0.2562664077331669;0.284807904651514;0.10732395725673992;0.5125328154663338
364183.0;3429827.417999999;0.17885628429072448;0.28574342439451084;0.13382813301930724;0.35771256858144895
362783.0;2200802.543399999;0.3519673997870128;0.28848918464649315;0.08587292001389116;0.7039347995740256
362530.0;3188207.4792;0.20119367259605597;0.28898538274917285;0.12440038597286877;0.40238734519211194
361815.0;2146548.1952;0.354415614033885;0.2903876817350067;0.0837559743945051;0.70883122806777
360916.0;3397740.9353;0.18188446341042272;0.2921508520682439;0.1325761533854745;0.36376892682084544
360804.0;0.0;0.3440162770975933;0.2923705128884025;0.0;0.6880325541951866
360295.0;3061638.6301999995;0.21619312223853435;0.29336879286573037;0.11946180723529783;0.4323862444770687
359036.0;3105920.381100001;0.1914017656156348;0.29583801583519165;0.12118963296165138;0.3828035312312696
359010.0;2973010.8692000005;0.20805653569769836;0.2958890085255856;0.11600364845854294;0.4161130713953967
358344.0;2397991.3249;0.33077217032791334;0.2971952059026;0.0935670116588537;0.6615443406558267
358279.0;2152314.0888999994;0.3437093044871696;0.29732268762858494;0.08398095329140501;0.6874186089743392
358211.0;2386849.0577;0.3307721703279133;0.2974560531265384;0.09313225251932597;0.6615443406558266
356299.0;2939937.6760999984;0.25182041259668114;0.3012059771278171;0.11471316845878211;0.5036408251933623
354809.0;2657942.2734999997;0.30955172600931935;0.30412825053885545;0.10371001475724921;0.6191034520186387
354158.0;3304924.9201000007;0.18354808836568942;0.30540502905602723;0.12895457348809564;0.36709617673137884
354102.0;2574222.3830999997;0.2802751304438574;0.3055148594661065;0.10044335574985626;0.5605502608877148
354019.0;2985090.104500001;0.20546533116663998;0.3056776438239026;0.11647496707358934;0.41093066233327996
353866.0;0.0;0.34377466578843807;0.30597771619429787;0.0;0.6875493315768761
353645.0;2317948.7345;0.3368181355425637;0.30641115406264646;0.09044383689529446;0.6736362710851274
352848.0;2899227.0418999987;0.23379360210996558;0.30797427614895356;0.11312468381946027;0.46758720421993116
352803.0;2835535.868099999;0.2495833725252977;0.30806253272848155;0.11063952353567184;0.4991667450505954
352580.0;2362139.3674;0.3313243747498413;0.3084998931114759;0.09216810729645566;0.6626487494996826
352469.0;0.0;0.33971036621387124;0.30871759267431165;0.0;0.6794207324277425
352306.0;2888061.1648000004;0.2205278971657715;0.3090372776179353;0.1126890034473303;0.441055794331543
352095.0;3227272.5194999995;0.17662217972785038;0.3094511029130555;0.12592466132918437;0.35324435945570076
351974.0;0.0;0.3352998923460257;0.3096884150491197;0.0;0.6705997846920514
351491.0;2685797.3037000005;0.2054658038363652;0.3106357023360536;0.10479688771980669;0.4109316076727304
349875.0;2277369.9902;0.3303009693000074;0.31380509416977037;0.08886049845632905;0.6606019386000148
349698.0;2498452.876;0.31099251559856506;0.31415223671591386;0.09748691204607976;0.6219850311971301
348246.0;0.0;0.33173913324957033;0.3169999823486841;0.0;0.6634782664991407
347867.0;2548885.8484999985;0.303703545456615;0.3177432988740422;0.09945475174462194;0.60740709091323
347766.0;2528628.887299999;0.28200565553050694;0.31794138586364945;0.09866434716513402;0.5640113110610139
347059.0;3026220.4863000005;0.18799948065476427;0.31932799479090057;0.11807982980743353;0.37599896130952853
344374.0;2479476.0889;0.31937432943107846;0.3245939707027381;0.09674645846670438;0.6387486588621569
343553.0;0.0;0.3306727198163104;0.3262041629647935;0.0;0.6613454396326208
343263.0;0.0;0.33052520298581717;0.32677292758841836;0.0;0.6610504059716343
342875.0;2868363.634100001;0.18976002979823128;0.3275338954296821;0.1119204272370997;0.37952005959646257
342019.0;2593962.1057;0.2639626315715359;0.329212731698037;0.1012135782421056;0.5279252631430718
341683.0;0.0;0.3247551905633871;0.32987171415851274;0.0;0.6495103811267742
340144.0;0.0;0.3189708763080791;0.3328900891783705;0.0;0.6379417526161582
339132.0;2474250.0076;0.29889943056468626;0.3348748815890891;0.09654254246215103;0.5977988611293725
339023.0;2600627.7411000007;0.2596308017897263;0.3350886586372792;0.10147366408091134;0.5192616035794526
337538.0;0.0;0.31753951668467545;0.3380011257617033;0.0;0.6350790333693509
336863.0;0.0;0.31572566379748557;0.3393249744546234;0.0;0.6314513275949711
336258.0;0.0;0.3107038406048427;0.3405115351349443;0.0;0.6214076812096854
336058.0;2469362.4084;0.30659588147981665;0.3409037865995132;0.09635183366075481;0.6131917629596333
335760.0;2450718.7671;0.29406682271440576;0.3414882412817209;0.0956243790679183;0.5881336454288115
332574.0;2540003.1864999984;0.27801579875534393;0.34773680711230354;0.09910815994077114;0.5560315975106879
332472.0;2446198.179599998;0.28169498839284485;0.3479368553592337;0.09544799066362115;0.5633899767856897
331837.0;0.0;0.30572066008399623;0.34918225375923995;0.0;0.6114413201679925
331132.0;2592244.3608999997;0.2502631345973011;0.35056494017184536;0.1011465537095063;0.5005262691946022
330905.0;2426351.7335999985;0.27572514502779105;0.3510101455841311;0.09467360394045558;0.5514502900555821
327571.0;2365867.7647;0.27972675821546716;0.35754897749849474;0.09231358530132398;0.5594535164309343
327214.0;2288426.8777999994;0.30499576445189663;0.35824914636275024;0.0892919261767871;0.6099915289037933
326807.0;0.0;0.3004496089485019;0.35904737809314796;0.0;0.6008992178970038
324849.0;2577226.1887;0.2746163993194303;0.36288751993127755;0.10056056097519536;0.5492327986388607
324147.0;2321002.9125999995;0.28212735611821466;0.3642643225719144;0.09056300760076096;0.5642547122364293
322848.0;2620827.9210000006;0.24123550534160138;0.3668119958342895;0.10226185311587085;0.48247101068320275
321198.0;0.0;0.2953550962505093;0.3700480704169829;0.0;0.5907101925010186
315040.0;0.0;0.2909814991498036;0.3821254930110595;0.0;0.5819629982996072
311437.0;2482837.0201999987;0.2739767131628623;0.38919190314526836;0.09687759834818194;0.5479534263257246
310687.0;2335761.1857000003;0.28154658110267256;0.39066284613740176;0.09113885935504948;0.5630931622053451
310522.0;0.0;0.2877544818557495;0.39098645359567114;0.0;0.575508963711499
310485.0;2569906.925399999;0.2629255148846148;0.39105902011661636;0.10027497128710341;0.5258510297692296
309627.0;0.0;0.2874468374987099;0.392741778899617;0.0;0.5748936749974198
307004.0;2542861.0472;0.2570188531587637;0.39788615685743817;0.09921967055495053;0.5140377063175274
306532.0;2197733.4038;0.2807486681001458;0.39881187031382076;0.08575316552697794;0.5614973362002916
306083.0;0.0;0.28385038082638464;0.399692474851778;0.0;0.5677007616527693
303158.0;2297022.164399999;0.2590165626390864;0.40542915252109823;0.08962730490529311;0.5180331252781728
302897.0;2291547.2475999994;0.26550265988430727;0.40594104068236064;0.08941367961034831;0.5310053197686145
301470.0;0.0;0.2801063898423028;0.40873975488205977;0.0;0.5602127796846056
299428.0;2572481.9118999992;0.25544843578340615;0.41274464233530833;0.1003754444578631;0.5108968715668123
299195.0;2126206.0533;0.2743964002942346;0.4132016152915311;0.08296224615680901;0.5487928005884692
297452.0;0.0;0.27658073648061793;0.4166200868052491;0.0;0.5531614729612359
296400.0;2252772.21;0.2617421199591603;0.41868332950888154;0.0879007198437641;0.5234842399183206
294712.0;0.0;0.27555157846744976;0.42199393186984313;0.0;0.5511031569348995
290634.0;2374507.3091999996;0.2522092665184208;0.4299919392324031;0.09265069092492015;0.5044185330368416
288981.0;0.0;0.2722514511067056;0.4332338975870651;0.0;0.5445029022134112
287954.0;0.0;0.27089203776105;0.43524810885762644;0.0;0.5417840755221
283584.0;2238914.4943999997;0.260325658677651;0.443818803358457;0.08736000686300953;0.520651317355302
283490.0;0.0;0.27050343111215674;0.4440031615468044;0.0;0.5410068622243135
282223.0;0.0;0.2675009214946942;0.44648807457484846;0.0;0.5350018429893884
280508.0;2277363.0812;0.2530139756246368;0.4498516308835268;0.08886022887466842;0.5060279512492736
279279.0;0.0;0.2634276013883029;0.45226201613330275;0.0;0.5268552027766058
278324.0;2262233.466499999;0.24965092555061286;0.4541350168766193;0.0882698877752952;0.4993018511012257
277178.0;0.0;0.26192214747189924;0.4563826177685991;0.0;0.5238442949437985
272521.0;0.0;0.2584894422456482;0.46551619312108605;0.0;0.5169788844912964
270420.0;0.0;0.2583401855389561;0.4696367947563824;0.0;0.5166803710779122
269255.0;0.0;0.25726869456534085;0.4719216595374963;0.0;0.5145373891306817
265763.0;0.0;0.25613752344983237;0.4787703701088694;0.0;0.5122750468996647
263662.0;0.0;0.2548224183812131;0.48289097174416573;0.0;0.5096448367624262
256904.0;0.0;0.2521401741052652;0.4961451487319491;0.0;0.5042803482105304
250146.0;0.0;0.25078246423079703;0.5093993257197325;0.0;0.5015649284615941
