569392.0;2532699.4060999993;0.0;-0.0;0.07808176785434165;0.0
568907.0;2484774.3132999996;0.058320844677935336;8.517857644645516E-4;0.07660426288024383;0.11664168935587067
568101.0;2478021.236999999;0.08530948840583479;0.0022673307668530642;0.0763960691503881;0.17061897681166957
567832.0;2436003.0578000005;0.11455272513597788;0.00273976452075196;0.07510067116274913;0.22910545027195575
567676.0;2443492.270899999;0.09984181347937379;0.003013740972827156;0.07533155959636163;0.19968362695874758
567361.0;2370528.7890000013;0.15270802763276697;0.003566962654902071;0.07308213448028249;0.30541605526553395
566870.0;2432380.334199999;0.11739177637359444;0.0044292859752156685;0.07498898453209155;0.23478355274718887
566730.0;2406709.413100001;0.14041986206744295;0.0046751622783600755;0.07419756376691526;0.2808397241348859
566616.0;2309542.5512000006;0.17254811396348096;0.004875375839491949;0.07120196139273002;0.34509622792696193
566611.0;2465057.3536000005;0.08233677871545955;0.004884157136032821;0.07599639956003268;0.1646735574309191
566601.0;2421516.9528;0.1398347530392673;0.004901719729114564;0.07465407229475894;0.2796695060785346
566574.0;2398894.2575999997;0.12887633474743576;0.004949138730435271;0.07395662670346945;0.2577526694948715
566433.0;2308895.1747999997;0.19008737632278908;0.005196771292887852;0.07118200312462386;0.38017475264557815
566327.0;2305298.9852000005;0.17541990483548997;0.0053829347795543315;0.07107113452299232;0.35083980967097994
565709.0;2430630.8068000013;0.10212873684250515;0.00646830303200607;0.0749350475382373;0.2042574736850103
565637.0;2263094.6559;0.19262767144434936;0.006594753702194622;0.06976999762734894;0.3852553428886987
565458.0;2367735.0068000006;0.16142223896251948;0.006909124118357827;0.07299600366955515;0.32284447792503895
565390.0;2253218.283500001;0.19818625364974674;0.007028549751313682;0.06946551434949827;0.39637250729949347
565386.0;2306489.7004999993;0.17254148581745365;0.007035574788546379;0.0711078436387331;0.3450829716349073
564788.0;2293346.4338999996;0.18180448267025648;0.00808581785483463;0.07070264376028042;0.36360896534051296
564434.0;2381414.2215000005;0.15159319905106097;0.008707533649928345;0.07341772654123213;0.30318639810212195
564345.0;2340066.4805;0.1630322756728186;0.00886384072835586;0.07214299780465659;0.3260645513456372
564259.0;2290065.6982;0.19008163805902675;0.009014879028858853;0.07060150043363778;0.3801632761180535
564102.0;2233247.992899999;0.20589896855461096;0.009290611740242224;0.06884984097315622;0.4117979371092219
563982.0;2205329.5908;0.22721251845861098;0.009501362857223142;0.06798913157101162;0.45442503691722197
563943.0;2225128.3076000004;0.1842705739282464;0.009569856970241942;0.06859951541888087;0.3685411478564928
563907.0;2150753.0562000014;0.22039432479130208;0.009633082305336218;0.06630656620432504;0.44078864958260416
563814.0;2185780.0152000003;0.20591141509444516;0.009796414420996432;0.06738642861306345;0.4118228301888903
563570.0;2222492.5991999996;0.19030254054582502;0.010224941692190969;0.06851825793884794;0.38060508109165003
563503.0;2078898.7578000003;0.2272125184586111;0.010342611065838649;0.06409133662220702;0.4544250369172222
563458.0;2124015.0098;0.19263171911777954;0.010421642734706494;0.06548224653699494;0.3852634382355591
563361.0;2110364.5007;0.22721111272488018;0.010591999887599405;0.06506140864361025;0.45442222544976035
563238.0;2288367.694100001;0.16720506531143678;0.010808019782504848;0.07054915187556075;0.33441013062287356
563203.0;2114417.1174000003;0.21330244695739936;0.010869488858290949;0.06518634864857488;0.4266048939147987
563008.0;2057537.3922999993;0.21643377550760182;0.011211959423384944;0.06343277715083603;0.43286755101520363
562982.0;2026916.2858000002;0.24012367371109658;0.011257622165397477;0.062488744817817195;0.48024734742219316
562924.0;2120542.1012;0.20608139367884484;0.011359485205271589;0.06537517862264575;0.4121627873576897
562654.0;2274439.350800001;0.17650360753303146;0.011833675218478657;0.07011974850241398;0.3530072150660629
562575.0;2255277.5072;0.1815611784462763;0.01197241970382443;0.0695289991146134;0.3631223568925526
562553.0;1989133.9706000001;0.24009676435283042;0.012011057408604265;0.061323936251375936;0.48019352870566084
562365.0;2046993.4095;0.21545580354588997;0.012341234158541041;0.06310771180148315;0.43091160709177995
562229.0;1935724.8746000002;0.24622546638578285;0.01258008542445275;0.059677362392220705;0.4924509327715657
562172.0;2244045.9394000005;0.181919224726697;0.012680192205018686;0.06918273588752546;0.363838449453394
561965.0;1987485.4653;0.24012217460849708;0.013043737881810773;0.06127311371482413;0.48024434921699416
561653.0;2086722.2323999996;0.21348935242201075;0.013591690785961166;0.06433253015905557;0.4269787048440215
561631.0;2072037.5470999999;0.20597909563767106;0.013630328490741;0.06387980916664444;0.4119581912753421
561459.0;2005029.4061999996;0.2272111127248802;0.013932405091746987;0.06181398402786039;0.4544222254497604
561305.0;2243603.178799999;0.18309456241722935;0.014202869025205834;0.06916908581507664;0.3661891248344587
561176.0;2026586.5472999993;0.21644647482213608;0.014429426475960322;0.062478579156251636;0.43289294964427216
561080.0;1951620.3101999997;0.23378071477674164;0.014598027369545059;0.06016741016870516;0.4675614295534833
560939.0;2014265.8249999997;0.22672050866544985;0.01484565993199764;0.06209873787855822;0.4534410173308997
560862.0;2006396.2618999998;0.22244607623314328;0.014980891898727063;0.06185612345790911;0.44489215246628655
560802.0;2053173.7098;0.2133685155760828;0.015086267457217523;0.06329824715365817;0.4267370311521656
560756.0;1888610.0892999999;0.2579111052849792;0.015167055385393542;0.058224838764884046;0.5158222105699584
560609.0;2068424.6237000003;0.21079353651015134;0.01542522550369517;0.06376842467091044;0.4215870730203027
560583.0;2209265.8064999995;0.19151580629505252;0.015470888245707703;0.06811048299541349;0.38303161259010504
560455.0;1910170.7952999992;0.24023322594424504;0.015695689437154017;0.05888954379723528;0.4804664518884901
560321.0;2200840.4095999985;0.19173126922783257;0.01593102818444938;0.06785073251604665;0.38346253845566514
560007.0;1990807.0508999992;0.22735022675925004;0.01648249360721612;0.06137551642203163;0.4547004535185001
559514.0;1941989.5529;0.22914070926402966;0.017348329446146064;0.05987049907299877;0.4582814185280593
559225.0;1870633.6709999992;0.26359336423631863;0.017855888386208447;0.0576706354049541;0.5271867284726373
559099.0;1988460.7621999998;0.22734940704782083;0.018077177059038413;0.061303181596528304;0.45469881409564167
558814.0;1829353.729599999;0.2580194605876577;0.018577710961868096;0.05639799689377802;0.5160389211753154
558536.0;1924607.7972999997;0.2378814417988932;0.019065951049540564;0.0593346288460025;0.4757628835977864
558519.0;2218011.040000001;0.18576760467998957;0.019095807457779525;0.06838009386606576;0.37153520935997913
558356.0;1907145.2355999995;0.2402611855387138;0.019382077725011944;0.05879626741016944;0.4805223710774276
558230.0;1817520.1365999992;0.2635933642363186;0.01960336639784191;0.0560331735518199;0.5271867284726371
557934.0;1803504.8194;0.2793992488177106;0.020123219153061513;0.05560108881986175;0.5587984976354212
557821.0;1862347.3015999994;0.25794299145031585;0.02032167645488521;0.057415171069041294;0.5158859829006317
557717.0;1786671.870999999;0.26900852138591663;0.020504327422935342;0.055082138025263946;0.5380170427718333
557434.0;1877576.5007999998;0.2526335068809879;0.021001348807148677;0.057884679133708566;0.5052670137619758
557186.0;1781021.7801999992;0.2793992488177103;0.02143690111557591;0.05490794874834502;0.5587984976354206
557133.0;1776468.1668999996;0.2742743348700308;0.02152998285890915;0.054767563286204246;0.5485486697400616
557131.0;2205080.3354999996;0.181757298726171;0.0215334953775255;0.0679814471634486;0.363514597452342
557004.0;1768988.9833999998;0.27568149900794625;0.02175654030966364;0.054536984059794485;0.5513629980158925
556739.0;2172708.0517;0.19016121514481876;0.02222194902632984;0.06698342697104105;0.3803224302896375
556644.0;1757287.0289999996;0.29400127268851617;0.0223887936606064;0.05417621906545594;0.5880025453770323
556625.0;1879056.8615;0.25220298423275206;0.022422162587461714;0.05793031786218922;0.5044059684655041
556003.0;1801954.7441000002;0.2635291263752529;0.02351455587714615;0.05555330082755606;0.5270582527505058
555816.0;2103707.7210000004;0.1982416177179375;0.02384297636777475;0.0648561836864199;0.396483235435875
555736.0;1866913.8432999987;0.2525216721091489;0.023983477112428694;0.05755595510683817;0.5050433442182978
555677.0;1744095.1599;0.29863006647565643;0.02408709641161098;0.05376952079792756;0.5972601329513129
555584.0;1856751.0561;0.25580470320798365;0.024250428527271193;0.057242641813917514;0.5116094064159673
555531.0;1728006.4401999996;0.2857178050614509;0.024343510270604433;0.05327351417603497;0.5714356101229018
555005.0;2222475.1807;0.1776241269440932;0.025267302666704135;0.06851772093581077;0.3552482538881864
554937.0;1750705.8893;0.28439088064272866;0.02538672829965999;0.05397332604900293;0.5687817612854573
554878.0;1700863.2805000003;0.31190879614459643;0.025490347598842274;0.052436705082376196;0.6238175922891929
554714.0;1718896.5730999992;0.2892561304915343;0.025778374125382864;0.052992661846550895;0.5785122609830686
554537.0;1785531.9644999993;0.2742150471690775;0.02608923202292972;0.05504699531764761;0.548430094338155
554438.0;1898176.3660999995;0.2449213899780301;0.02626310169443898;0.05851976196126847;0.4898427799560602
554279.0;2078132.3072000004;0.20339535270034295;0.0265423469244387;0.06406770736021214;0.4067907054006859
554151.0;2034820.2252000002;0.21340298975858452;0.026767148115885014;0.06273241904140614;0.42680597951716903
554070.0;1687617.6737999993;0.3282843592194135;0.026909405119847137;0.052028350113386024;0.656568718438827
554053.0;2247203.240100001;0.17322697256204764;0.026939261528086098;0.06928007377914815;0.3464539451240953
553912.0;2353174.146399999;0.16086580678244447;0.02718689409053868;0.0725471001325724;0.32173161356488894
553615.0;1684854.2542;0.28920758610445374;0.027708503105066458;0.05194315536537464;0.5784151722089075
553580.0;1684290.9612999998;0.3043416730797402;0.02776997218085256;0.05192578934659409;0.6086833461594804
553084.0;1981007.1195999999;0.22736068710922047;0.028641076797707027;0.06107338978240275;0.45472137421844094
553042.0;1743753.1155999994;0.2855902387258955;0.02871483968865035;0.05375897575513084;0.571180477451791
552938.0;1880576.1659;0.24631581398745328;0.02889749065670048;0.05797715720410841;0.49263162797490656
552892.0;1791341.8347;0.25998248336665436;0.0289782785848765;0.05522611050799657;0.5199649667333087
552830.0;1679380.9765999992;0.3083202206948923;0.02908716666198331;0.05177441714482769;0.6166404413897846
552788.0;1643516.9294000003;0.3058505791419953;0.02916092955292663;0.0506687477546731;0.6117011582839906
552749.0;2290480.0352;0.16680428538161238;0.029229423665945428;0.0706142742217034;0.33360857076322475
552251.0;1663861.248499999;0.29396435299900275;0.030104040801416248;0.05129595222958821;0.5879287059980055
552206.0;1934315.4807999998;0.23152388368334925;0.03018307247028409;0.059633911535304195;0.4630477673666985
552122.0;1862291.6768999996;0.2489122470805091;0.030330598252170736;0.05741345618929603;0.4978244941610182
552011.0;1605673.0292999994;0.3358313144668726;0.030525543035378088;0.04950204055870888;0.6716626289337452
551272.0;1734518.2982999997;0.2846040928000483;0.03182341866411892;0.05347427127782131;0.5692081856000966
551248.0;1741080.2988999996;0.28434942574727645;0.03186556888751511;0.053676574246059545;0.5686988514945529
550992.0;1646814.3467;0.30320210781252765;0.032315171270407735;0.050770405366120146;0.6064042156250553
550948.0;1734203.5474999992;0.2824390354309424;0.03239244667996741;0.05346456767902928;0.5648780708618848
550904.0;1594345.6226999997;0.3383786616358782;0.03246972208952707;0.04915282267268471;0.6767573232717564
550640.0;1600208.7467999998;0.32267613637570675;0.0329333745468851;0.04933357965228316;0.6453522727514135
550569.0;1680794.4514999993;0.287346866128024;0.033058068957765474;0.05181799381987405;0.574693732256048
550508.0;1582222.9869000006;0.3394741925930975;0.03316520077556411;0.04877908829582243;0.678948385186195
550305.0;1610790.8889999995;0.30751851308108774;0.0335217214151235;0.04965982143552515;0.6150370261621755
550123.0;1598861.0526;0.3119104466113323;0.03384136060921123;0.04929203096102924;0.6238208932226647
549814.0;1549958.2576999995;0.34319818644493694;0.034384044735437096;0.04778438395419784;0.6863963728898739
549708.0;1638826.7487;0.3031062535180809;0.03457020822210358;0.05052415199264532;0.6062125070361618
549574.0;1540642.9451000004;0.3501914081565132;0.034805546969398936;0.047497197849849286;0.7003828163130263
549414.0;1585066.2955;0.3160478059776802;0.03508654845870683;0.04886674597896821;0.6320956119553603
549388.0;2359077.2293;0.14729177251328746;0.03513221120071936;0.07272908902059941;0.2945835450265749
549344.0;1632994.690099999;0.30581187884182603;0.035209486610279034;0.050344352745793755;0.6116237576836521
549045.0;1657850.8343999991;0.29873822160622826;0.03573460814342316;0.051110654378080704;0.5974764432124565
549006.0;2170991.5479999995;0.19211253210386925;0.03580310225644196;0.06693050808019212;0.3842250642077385
548761.0;2060475.8426999997;0.21112143586723753;0.03623338578694467;0.06352336800478092;0.42224287173447506
548604.0;1584974.1035999993;0.33818195943424795;0.03650911849832804;0.04886390375200808;0.6763639188684959
548559.0;1566388.5062;0.3396063609607364;0.03658815016719589;0.048290919726297885;0.6792127219214728
548484.0;1488502.5011000002;0.34935506323225324;0.03671986961530896;0.045889735853204605;0.6987101264645065
548370.0;1592405.7059999993;0.3032829435504295;0.036920083176440834;0.04909301607855776;0.606565887100859
548242.0;1450561.8547000003;0.36029014853943814;0.03714488436788715;0.04472004602056463;0.7205802970788763
548165.0;1514393.6376999994;0.349091939595286;0.03728011633461657;0.046687945744444403;0.698183879190572
548131.0;1578890.9938000003;0.3341557917979309;0.0373398291510945;0.04867636473095726;0.6683115835958618
548059.0;1486187.4909999995;0.35708553787614666;0.037466279821283054;0.04581836533020714;0.7141710757522933
547708.0;1467590.0436999996;0.3547412968975528;0.03808272683845224;0.04524501597841888;0.7094825937951056
547602.0;1536717.2998999998;0.34898188534602115;0.03826889032511872;0.04737617230830784;0.6979637706920423
547192.0;2173364.7492;0.18686360471001495;0.0389889566414702;0.06700367260367397;0.3737272094200299
546918.0;2421384.6909999996;0.10437402121828185;0.039470171691909965;0.07464999473421671;0.2087480424365637
546470.0;1443060.4439999997;0.36687261930089937;0.04025697586197207;0.04448878154146901;0.7337452386017987
546457.0;1918930.0491;0.22732105784803808;0.04027980723297833;0.05915958690623656;0.45464211569607615
546399.0;2332789.1338;0.16376731244800735;0.040381670272852443;0.07191864109882076;0.3275346248960147
546313.0;1563750.6585000006;0.3202345352906729;0.04053270857335544;0.04820959629279038;0.6404690705813458
546220.0;1517855.7530999999;0.3202949430761799;0.04069604068901565;0.046794680910211287;0.6405898861523598
545980.0;1451429.6286000004;0.3487256349342265;0.04111754292297749;0.04474679902569689;0.697451269868453
545949.0;2246511.1205999996;0.1736291254700983;0.0411719869615309;0.06925873610520374;0.3472582509401966
545840.0;1516924.5862999992;0.33905691726320725;0.0413634192261219;0.04676597353588324;0.6781138345264145
545819.0;1409716.7816999997;0.36363834250386207;0.04140030067159356;0.04346081426953315;0.7272766850077241
545533.0;1504796.1527999993;0.32626502087051384;0.04190259083373142;0.04639206041903134;0.6525300417410277
545026.0;1394180.2188000001;0.36870808426833407;0.04279301430297581;0.04298183034641526;0.7374161685366681
544851.0;1351604.4438999994;0.37898820365428615;0.043100359681906314;0.041669241981624014;0.7579764073085723
544561.0;1416444.2385;0.36341244185815214;0.04360967488127687;0.04366821816390869;0.7268248837163043
544397.0;1391310.6853000005;0.36857803231461705;0.043897701407817465;0.04289336416363116;0.7371560646292341
543943.0;1337846.7503;0.37514822091988786;0.04469504313372861;0.041245099647441344;0.7502964418397757
543731.0;1367287.3422999992;0.37320868587561595;0.04506737010706157;0.042152737349926576;0.7464173717512319
543561.0;1320164.3308999995;0.3875461604858241;0.0453659341894512;0.040699960116327386;0.7750923209716482
543494.0;2313867.4316000002;0.16438120201696882;0.045483603563098884;0.07133529514192159;0.32876240403393764
543452.0;1504189.4151999997;0.34608291767831134;0.04555736645404221;0.04637335502339001;0.6921658353566227
543297.0;1547794.9043;0.3161788202141936;0.04582958664680923;0.04771768892613457;0.6323576404283872
543284.0;1441627.6636;0.3592246589448577;0.04585241801781549;0.04444460968818489;0.7184493178897154
543245.0;1860859.3058999996;0.2533167637334342;0.045920912130834296;0.0573692969575949;0.5066335274668684
542226.0;1287484.3296;0.3955783979559011;0.04771054036586394;0.039692453158004445;0.7911567959118022
542059.0;1389131.9582999996;0.37186093431925643;0.04800383567032905;0.04282619517570376;0.7437218686385129
541588.0;1306115.1533000004;0.39226499322939773;0.04883103380447917;0.04026683148635043;0.7845299864587955
541271.0;1380075.9009000002;0.3727646287943324;0.049387768005170425;0.04254700177048589;0.7455292575886648
541190.0;1261918.3875;0.40090346594109055;0.04953002500913255;0.038904268839240905;0.8018069318821811
541098.0;1320583.4032999992;0.3849870268177511;0.04969160086548459;0.04071287989424186;0.7699740536355022
540714.0;1257290.5481999994;0.39717072052923563;0.05036600443982353;0.03876159502922637;0.7943414410584713
540441.0;1281359.6305000002;0.39438512623124944;0.050845463230955124;0.03950363196108227;0.7887702524624989
539963.0;1373645.5592999998;0.3718609343192561;0.051684955180262455;0.04234875777878831;0.7437218686385122
539956.0;1295724.9590999994;0.3862847253274243;0.05169724899541968;0.03994650735726822;0.7725694506548486
539882.0;1331904.0720999993;0.3728024796073639;0.05182721218422458;0.041061890057496345;0.7456049592147278
539630.0;2300294.188799999;0.16484767719939974;0.05226978952988451;0.07091683932723324;0.3296953543987995
539470.0;2339623.639800001;0.1325004482076759;0.052550791019192404;0.07212934526276768;0.2650008964153518
539363.0;1244914.3572999996;0.4031609828040054;0.052738710765167056;0.03838004368426717;0.8063219656080108
539280.0;1294833.4033999997;0.3902176127706581;0.052884480287745526;0.03991902117196375;0.7804352255413162
538863.0;1764372.4470999995;0.28011687371671834;0.05361684041925422;0.05439465871522356;0.5602337474334367
538729.0;1217124.8385;0.4176636875497114;0.05385217916654958;0.037523307685317066;0.8353273750994228
538434.0;2415995.3142000004;0.12201306170740908;0.05437027566246101;0.07448384313045214;0.24402612341481816
538100.0;2268468.0654000007;0.1567061207039373;0.054956866271391236;0.06993565696779606;0.3134122414078746
537903.0;1160874.9063;0.4103750139315586;0.05530284935510158;0.035789152365785455;0.8207500278631172
537667.0;1249540.6594999998;0.3981082861850743;0.055717326551830725;0.038522670106310955;0.7962165723701486
537609.0;1405078.0944;0.36661200700515434;0.055819189591704836;0.04331780602148165;0.7332240140103087
537080.0;1228566.0751;0.4069724367101576;0.05674825076572906;0.03787603488934932;0.8139448734203152
537068.0;1159406.2068000003;0.42418915280867103;0.05676932587742715;0.03574387314586281;0.8483783056173421
536904.0;1324544.0480000007;0.38170959115365405;0.05705735240396774;0.040834984451645795;0.7634191823073081
536768.0;1258224.5712000001;0.39558874939523164;0.05729620366987945;0.038790390458672525;0.7911774987904633
536614.0;2282780.1570000006;0.12204777540759386;0.0575666676033383;0.0703768910957505;0.24409555081518772
536529.0;1202113.0770999999;0.3974071276646205;0.05771594964453312;0.037060503111708186;0.794814255329241
536345.0;2185443.0703999996;0.18442809514232683;0.058039101357237194;0.06737604078512381;0.36885619028465366
536014.0;2013273.8885999997;0.21569539807105326;0.0586204231882429;0.062068157009970135;0.4313907961421065
535425.0;1280997.6687999994;0.3954921386374281;0.05965485992075758;0.039492472875498105;0.7909842772748562
535424.0;1366022.3687999991;0.36475653565957417;0.05965661618006576;0.04211373889360325;0.7295130713191483
535317.0;2170042.8746;0.18508669398130556;0.05984453592604041;0.06690126098675105;0.3701733879626111
534787.0;1131897.8403999999;0.4381086344972088;0.060775353359372807;0.03489580492500573;0.8762172689944177
534732.0;1109321.4368;0.4362274508586394;0.06087194762132239;0.03419978647898114;0.8724549017172788
534666.0;1301753.8969999992;0.38199306498247404;0.0609878607356619;0.04013237628762065;0.7639861299649481
534143.0;2119368.5645999997;0.1979699294597434;0.06190638435383707;0.06533899911703639;0.3959398589194868
534067.0;1145352.0156999999;0.4281171363567368;0.06203986006125833;0.03531058995236272;0.8562342727134736
533674.0;1124001.3616000002;0.43235971742276513;0.06273006996937083;0.034652360707723845;0.8647194348455303
533496.0;1093042.4302999997;0.41944443989671243;0.06304268412622586;0.033697913416836096;0.8388888797934249
533297.0;2227439.9989999994;0.1636126721402433;0.06339217972855256;0.06867078362813259;0.3272253442804866
533159.0;1070621.6757;0.44354679068189634;0.06363454351308062;0.033006693546219046;0.8870935813637927
532862.0;1783834.5760999997;0.2701815902562249;0.0641561525276084;0.054994665741272215;0.5403631805124498
532162.0;1071515.6453;0.4379968361439499;0.06538553404333043;0.033034254150769236;0.8759936722878998
531772.0;2281993.8270000005;0.14530322389253003;0.06607047517351843;0.07035264896248786;0.29060644778506006
531667.0;1733155.1581;0.2853649975081416;0.06625488240087672;0.053432246394650044;0.5707299950162832
531346.0;1038147.6479000002;0.4535348982458423;0.06681864163880069;0.03200553664071815;0.9070697964916846
531331.0;2192057.8845999995;0.1653655474286241;0.0668449855284233;0.06757997196839807;0.3307310948572482
531218.0;1973576.4145999996;0.18534645329464824;0.067043442830247;0.060844305122215;0.3706929065892965
531150.0;1055484.8269000005;0.4452924380538726;0.06716286846320285;0.032540032594982116;0.8905848761077452
531047.0;1029234.2737000003;0.4470052108567161;0.0673437631719448;0.031730742082229674;0.8940104217134321
530540.0;1408210.880399999;0.3536780914616221;0.0682341866411892;0.04341438813801711;0.7073561829232442
530266.0;1036079.0477000001;0.44154359506110286;0.06871540169162897;0.03194176280312383;0.8830871901222057
530206.0;1056674.0927000002;0.4258327279461642;0.06882077725011942;0.03257669702341331;0.8516654558923284
530122.0;1033102.1027999999;0.43805463228162866;0.06896830303200607;0.03184998518433609;0.8761092645632573
529884.0;2402264.9061999996;0.11162035710982551;0.06938629274735156;0.07406054199672134;0.22324071421965103
529699.0;1148033.9639;0.41937312833662893;0.06971120071936382;0.03539327298069424;0.8387462566732579
529589.0;1002889.1257;0.446887493296192;0.06990438924326299;0.030918535262395536;0.893774986592384
529549.0;997401.8748;0.45810421568276793;0.06997463961558996;0.030749366252484454;0.9162084313655359
528993.0;971302.2974;0.45353489824584237;0.0709511197909349;0.029944730242883418;0.9070697964916847
528627.0;1012677.221;0.44331944321016453;0.07159391069772669;0.031220297004475955;0.8866388864203291
528570.0;1049203.4574000002;0.42916127589326997;0.07169401747829264;0.032346381333436786;0.8583225517865399
528318.0;979947.0012000002;0.45194998357827143;0.07213659482395257;0.03021124183666175;0.9038999671565429
527655.0;970150.3958;0.45797822431898766;0.07330099474527214;0.029909217732750702;0.9159564486379753
527320.0;1196632.4026999997;0.3939075835353271;0.07388934161351055;0.03689153685177408;0.7878151670706542
527088.0;978769.3399999999;0.4414695877627527;0.07429679377300699;0.030174935171840802;0.8829391755255054
526844.0;1810828.8923000002;0.2427350654500174;0.07472532104420153;0.05582688606944799;0.4854701309000348
526599.0;959869.7449;0.45648689332750747;0.07515560457470424;0.029592270765008713;0.9129737866550149
526097.0;956820.3912;0.46240174140877444;0.07603724674740776;0.029498260821651155;0.9248034828175489
526071.0;918518.7927;0.4637751714977139;0.0760829094894203;0.028317443028854975;0.9275503429954278
525575.0;2198480.9356;0.14873523736938976;0.07695401410627477;0.06777799119479766;0.2974704747387795
525401.0;953589.2797;0.45943936205150204;0.0772596032258971;0.02939864738254865;0.9188787241030041
525373.0;2154788.9922999996;0.17523672551313396;0.07730877848652598;0.06643099195531468;0.3504734510262679
525042.0;958632.0825000001;0.4577640329502508;0.07789010031753169;0.029554114295288664;0.9155280659005016
525011.0;1906406.3303999996;0.23075756188931956;0.07794454435608508;0.05877348735812149;0.4615151237786391
524802.0;941790.5445000002;0.4634572022736307;0.07831160255149353;0.02903489868791779;0.9269144045472614
524633.0;917409.4787999997;0.44647419070171673;0.07860841037457499;0.028283243474731497;0.8929483814034335
524622.0;890037.0094;0.46772186938969357;0.0786277292269649;0.027439364885688048;0.9354437387793871
524593.0;2055930.9434999994;0.1781876319396737;0.07867866074690195;0.06338325119368163;0.3563752638793474
524568.0;906091.3987000001;0.4622721970334721;0.07872256722960631;0.027934313119713238;0.9245443940669442
524328.0;889206.3671;0.46898038282067656;0.07914406946356815;0.02741375662792071;0.9379607656413531
524187.0;1872202.1238999995;0.24146637658697978;0.07939170202602074;0.057718989968836946;0.48293275317395956
523461.0;1171679.9800000004;0.40518544523942807;0.08066674628375531;0.036122267007918075;0.8103708904788561
523425.0;1863393.441999999;0.2358580424365289;0.08072997161884958;0.05744742301795362;0.4717160848730578
523209.0;871718.8953;0.470210756062861;0.08110932362941524;0.02687462722703;0.940421512125722
523122.0;866245.9217;0.46758757150077396;0.0812621181892264;0.02670589837864045;0.9351751430015479
523063.0;1703975.5335;0.2756300793361034;0.08136573748840868;0.05253265417750555;0.5512601586722068
522583.0;1017836.0175999997;0.4356786058445644;0.08220874195633236;0.03137933994402053;0.8713572116891288
522576.0;1950655.8860999986;0.2246866087711209;0.08222103577148959;0.06013767748960868;0.4493732175422418
522548.0;1918895.6760999998;0.21649287407569576;0.08227021103211847;0.05915852720503396;0.4329857481513915
522432.0;843221.071;0.4725879561038317;0.0824739371118667;0.025996054548414006;0.9451759122076634
522186.0;876505.6003999999;0.46364444075832173;0.08290597690167757;0.027022198784675253;0.9272888815166435
522007.0;1850000.4774999998;0.2377260745725806;0.08322034731784078;0.05703452508681671;0.4754521491451612
521902.0;856347.5446;0.47210181924731887;0.08340475454519909;0.0264007367076599;0.9442036384946377
521895.0;1670336.1206999994;0.2657121169251716;0.08341704836035631;0.051495569075862696;0.5314242338503432
521723.0;1973012.1493999995;0.2029780217661426;0.0837191249613623;0.06082690912794558;0.4059560435322852
521712.0;827321.6581999998;0.4700740719779896;0.08373844381375221;0.025505884156981084;0.9401481439559792
521572.0;840620.5090999999;0.4663018806331558;0.08398432011689662;0.025915880616174912;0.9326037612663116
521561.0;2246118.4098;0.14782901233902834;0.08400363896928653;0.06924662904131546;0.2956580246780567
521000.0;1139622.1152999997;0.4192122699853579;0.08498890044117234;0.035133940188168934;0.8384245399707158
520963.0;1463122.188;0.34317697682923504;0.08505388203557479;0.04510727437721116;0.6863539536584701
520957.0;1129136.8713000005;0.4099317708582747;0.08506441959142383;0.03481068572459847;0.8198635417165494
520819.0;877792.4135;0.46340802139631104;0.08530678337595189;0.02706187054418376;0.9268160427926221
520086.0;1773872.5168999997;0.24382460214043902;0.08659412144884368;0.0546875407852146;0.48764920428087805
519979.0;1623920.5051999995;0.28400314876672295;0.08678204119481833;0.050064600479447954;0.5680062975334459
519907.0;893294.5399000003;0.4565159278564449;0.08690849186500689;0.02753979280842805;0.9130318557128898
519847.0;2176495.4332000003;0.1584045874408267;0.08701386742349734;0.06710018991667392;0.3168091748816534
519793.0;1911142.4422999998;0.22667282444162276;0.08710870542613876;0.05891949915447495;0.4533456488832455
519759.0;825100.5443000001;0.47746057242981976;0.08716841824261669;0.025437408403601064;0.9549211448596395
519732.0;1843152.4502999994;0.2106288597498911;0.08721583724393739;0.056823404071506795;0.4212577194997822
519409.0;868699.6533999997;0.45990197519977477;0.0877831090004777;0.026781545614358505;0.9198039503995495
519062.0;1251279.8129;0.3899303074399926;0.08839253098041419;0.038576287275294704;0.7798606148799851
518977.0;1527309.1437000004;0.2986272108724901;0.08854181302160902;0.047086123885436794;0.5972544217449802
518876.0;809019.2052000002;0.48101184190918655;0.08871919521173462;0.02494162932165834;0.9620236838183731
518818.0;820278.3056000001;0.47093236422649526;0.08882105825160873;0.02528874136407606;0.9418647284529905
518726.0;816775.9888;0.47701389697250085;0.08898263410796077;0.02518076681065242;0.9540277939450017
518606.0;2133673.1004999997;0.17167443945664407;0.08919338522494169;0.06578000030680167;0.34334887891328814
518287.0;796480.335;0.480051875943486;0.0897536319442493;0.024555062660903383;0.960103751886972
518253.0;1841308.5111999998;0.23827889184392834;0.08981334476072723;0.056766556415445854;0.4765577836878567
518114.0;2280648.0294999997;0.1387237878568555;0.09005746480456346;0.07031115874548029;0.277447575713711
518031.0;819524.4451000001;0.47656071012300455;0.09020323432714193;0.025265500248129263;0.9531214202460091
517609.0;788140.6034000001;0.47244887807604574;0.0909443757551915;0.02429795319691001;0.9448977561520915
517545.0;825434.9260999997;0.4616929823044639;0.09105677635091466;0.02544771721562171;0.9233859646089277
517290.0;1666881.4253000007;0.2636910206186638;0.09150462247449911;0.051389062664726634;0.5273820412373276
517245.0;1474075.1705;0.3234953921028257;0.09158365414336696;0.04544494896852581;0.6469907842056514
517208.0;1158564.2369;0.40307739306504087;0.09164863573776941;0.035717915664247014;0.8061547861300817
517203.0;820804.6719000001;0.468586524803579;0.09165741703431028;0.025304968955532022;0.937173049607158
517177.0;757657.6386000001;0.48373585470269975;0.09170307977632282;0.02335817969860498;0.9674717094053995
516928.0;1806201.904499999;0.23953100425636809;0.09214038834405823;0.05568423851072293;0.47906200851273617
516910.0;819147.7158999997;0.46836632535559747;0.09217200101160536;0.0252538858884198;0.9367326507111949
516712.0;768416.3535;0.48285368262126255;0.09251974035462388;0.023689865123732633;0.9657073652425251
516655.0;781602.3875999998;0.48063240384762707;0.09261984713518982;0.02409638350133238;0.9612648076952541
516599.0;1445483.1268999996;0.35150390673028087;0.09271819765644758;0.04456347155929223;0.7030078134605617
516431.0;747518.4187999998;0.4758052972376485;0.09301324922022086;0.02304559297601919;0.951610594475297
516385.0;1905555.2347999995;0.18953091169155492;0.09309403714839688;0.05874724853605638;0.37906182338310984
516301.0;1445168.9046999996;0.333497275191707;0.09324156293028353;0.04455378425695545;0.666994550383414
516254.0;1766562.500499999;0.2573432315131707;0.09332410711776773;0.054462176890003995;0.5146864630263414
516240.0;1716653.8599999999;0.26263649854103305;0.09334869474808216;0.0529235202013891;0.5252729970820661
515822.0;840036.1459000002;0.46045929071413444;0.09408281113889903;0.025897865011316672;0.9209185814282689
515676.0;2121437.6151000005;0.16842303555102478;0.09433922499789249;0.06540278683713886;0.33684607110204956
515339.0;741630.7978;0.4837358547026997;0.09493108438474723;0.022864080770098067;0.9674717094053994
515257.0;701179.786;0.4827024813719327;0.09507509764801754;0.02161699771506452;0.9654049627438654
515049.0;811375.9538999998;0.4667725972848563;0.09544039958411779;0.025014286623366227;0.9335451945697126
514921.0;775546.1767000001;0.47317394271522795;0.0956652007755641;0.02390967375897931;0.9463478854304559
514762.0;904725.7014999999;0.45094299041116365;0.09594444600556383;0.027892209405599784;0.9018859808223273
514604.0;1485394.1213999996;0.317740777635039;0.09622193497625538;0.04579390616984225;0.635481555270078
514546.0;1773527.5137999996;0.2307980895772906;0.09632379801612949;0.05467690452419667;0.4615961791545812
514492.0;1731259.7012999998;0.25886085115292096;0.0964186360187709;0.053373810475456834;0.5177217023058419
514024.0;2021201.2571999999;0.17199367303367963;0.0972405653749965;0.06231255354326192;0.34398734606735926
513755.0;992564.0368000002;0.43832514702676195;0.09771299912889539;0.030600218294885104;0.8766502940535239
513654.0;1417578.3597999995;0.34214470987961887;0.09789038131902099;0.043703182516903735;0.6842894197592377
513613.0;1621791.6959999998;0.2961116967945695;0.09796238795065614;0.04999897043059169;0.592223393589139
513375.0;809344.3142;0.4671430101712683;0.09838037766600163;0.02495165225821536;0.9342860203425366
513202.0;2104878.2743999995;0.1610614071230038;0.09868421052631579;0.06489227122156904;0.3221228142460076
513011.0;1381171.9201;0.3639974409580787;0.09901965605417709;0.04258079145612018;0.7279948819161574
512999.0;742116.1055000001;0.4794437683328836;0.09904073116587518;0.022879042546879814;0.9588875366657672
512684.0;807066.0248;0.4706582363377485;0.0995939528479501;0.024881413814755646;0.941316472675497
512492.0;773955.3929999998;0.4716330543901244;0.09993115463511956;0.02386063074847805;0.9432661087802487
512428.0;689105.0632999998;0.4827024813719327;0.10004355523084273;0.02124474047344469;0.9654049627438654
512305.0;1412832.2034999994;0.3487341617109114;0.10025957512574817;0.043556861057071405;0.6974683234218227
512254.0;1614999.332499999;0.2821623916882094;0.10034914435046506;0.049789565497376176;0.5643247833764188
511691.0;701186.6023000003;0.4790661487697178;0.10133791834096721;0.021617207857947237;0.9581322975394356
511640.0;2186649.1497999993;0.15160046415442255;0.1014274875656841;0.06741322356784878;0.3032009283088451
511258.0;1765896.1005000002;0.2517554290076453;0.1020983786214067;0.054441632134486335;0.5035108580152906
511244.0;741291.8242999997;0.47277877099235444;0.10212296625172114;0.022853630398422673;0.9455575419847089
510996.0;669583.9129;0.48903917663225177;0.10255851856014837;0.0206429138492068;0.9780783532645035
510807.0;1300631.6340999992;0.367746833049448;0.10289045156939332;0.040097777522754084;0.735493666098896
510599.0;684426.3289999998;0.4882625591855368;0.10325575350549358;0.021100497597805815;0.9765251183710736
510169.0;782616.5683999996;0.4652923808721816;0.10401094500800855;0.024127650152873104;0.9305847617443632
510054.0;677427.2748000001;0.4809361458460999;0.10421291482844859;0.020884720500875916;0.9618722916921998
509974.0;1771916.8683;0.2482295214461342;0.10435341557310254;0.054627249185026254;0.4964590428922684
509972.0;745648.5064000002;0.46289612939887453;0.10435692809171888;0.022987944577013343;0.9257922587977491
509913.0;738596.4977;0.47804667850850363;0.10446054739090117;0.022770534921175777;0.9560933570170073
509889.0;1080373.7884999996;0.4209789059745431;0.10450269761429735;0.033307345967072834;0.8419578119490863
509815.0;1339131.0098999997;0.36406841721045596;0.10463266080310225;0.0412846926839108;0.7281368344209119
509522.0;1177561.3893999998;0.3927186612541572;0.10514724478039733;0.036303587713534;0.7854373225083144
509495.0;1389744.1743;0.346704874330968;0.10519466378171805;0.04284506946748652;0.693409748661936
509165.0;676758.7328;0.48409948597141433;0.10577422935341557;0.020864109708644055;0.9681989719428287
508697.0;622390.6979000001;0.49416742104158934;0.10659615870964116;0.01918797227617414;0.9883348420831787
508530.0;942643.5839000001;0.44168432781045225;0.10688945401410628;0.02906119743629708;0.8833686556209045
508437.0;1390422.4779000005;0.3417375234219113;0.10705278612976649;0.042865981204624544;0.6834750468438227
508096.0;661831.6144;0.4883350806071936;0.10765167055385394;0.020403914633446468;0.9766701612143872
508005.0;903777.2276999997;0.4448438132655941;0.1078114901508978;0.02786296846571992;0.8896876265311882
507892.0;1478098.8779999996;0.3167252016149866;0.1080099474527215;0.04556899771831903;0.6334504032299731
507737.0;743072.1937999998;0.4705063625940901;0.10828216764548852;0.022908518237721383;0.9410127251881802
507715.0;1620184.8780000003;0.2778904176647381;0.10832080535026836;0.04994943309119881;0.5557808353294762
507335.0;740903.8739000001;0.4733887376146688;0.1089881838873746;0.02284167009511988;0.9467774752293376
507256.0;640021.8329000003;0.4878357268441582;0.10912692837272038;0.019731530736670028;0.9756714536883164
507015.0;609032.7625;0.49389491974251093;0.10955018686599038;0.01877615427345182;0.9877898394850219
506972.0;1217647.0489999999;0.3908586196323315;0.10962570601624189;0.03753940715568212;0.781717239264663
506966.0;867178.5930999998;0.45622461943980636;0.10963624357209094;0.026734652138981605;0.9124492388796127
506793.0;1306179.1077999996;0.3637383860178627;0.1099400764324051;0.04026880316937375;0.7274767720357254
506696.0;1358318.6187999991;0.3474470418962384;0.110110433585298;0.04187623640212751;0.6948940837924767
506376.0;902633.7832000002;0.4462670586817473;0.11067243656391379;0.0278277166834562;0.8925341173634946
506322.0;1340083.5370999996;0.3613832168677156;0.1107672745665552;0.04131405858794434;0.7227664337354311
506237.0;1716586.5956999992;0.2609254867801005;0.11091655660775002;0.05292144647900228;0.521850973560201
506222.0;655809.1921;0.48507449239273653;0.11094290049737264;0.0202182465755566;0.9701489847854731
506191.0;677127.7899000001;0.4826442877120386;0.11099734453592604;0.020875487541614602;0.9652885754240772
506130.0;1285734.4552999996;0.35495194583822903;0.11110447635372467;0.0396385054694087;0.7099038916764581
505967.0;1662179.8586999997;0.2640984980813506;0.11139074662095709;0.05124411588149257;0.5281969961627012
505937.0;1265054.1602999994;0.3747030035483553;0.11144343440020232;0.03900094303722263;0.7494060070967106
505884.0;606745.6521000002;0.4899615815478951;0.11153651614353556;0.018705643883280797;0.9799231630957902
505828.0;699915.5999000001;0.4714577292249093;0.11163486666479332;0.021578023533861995;0.9429154584498186
505593.0;1230645.2803999996;0.36702170866353373;0.1120475876022143;0.037940135676503554;0.7340434173270675
505276.0;1637525.5206;0.2705109773748468;0.11260432180290555;0.05048403582639794;0.5410219547496936
505193.0;1482324.3574;0.31558122486967116;0.11275009132548403;0.04569926698785394;0.6311624497393423
504563.0;657260.4008000002;0.4826442877120386;0.11385653468963386;0.02026298656347175;0.9652885754240772
504286.0;1434405.7895999998;0.3146201977757238;0.11434301851799815;0.04422196317601563;0.6292403955514476
504284.0;597169.67;0.4978347978971263;0.11434653103661449;0.018410421477689082;0.9956695957942526
504224.0;1367815.3008999992;0.3416265697530531;0.11445190659510496;0.04216901403113976;0.6832531395061062
504134.0;696208.5336000001;0.4778873182154776;0.11460996993284064;0.021463736662881528;0.9557746364309552
503827.0;644035.0864;0.47884044817429666;0.11514914154045017;0.019855257195235492;0.9576808963485933
503546.0;605639.5475999999;0.495947571057401;0.11564265040604715;0.01867154327324249;0.991895142114802
503504.0;1172305.8412;0.3928308979041739;0.11571641329699048;0.03614156197391747;0.7856617958083478
503489.0;1407087.9517999995;0.33474734302109854;0.11574275718661309;0.04337976884997567;0.6694946860421971
503436.0;1578908.4341999998;0.29111262617397426;0.11583583892994632;0.04867690240915972;0.5822252523479485
503316.0;521526.46729999984;0.49870760135412684;0.11604659004692724;0.016078382002828826;0.9974152027082537
503214.0;2176648.9941000002;0.15200888672558105;0.11622572849636104;0.06710492411707544;0.3040177734511621
503043.0;664825.0689999999;0.47874264125082255;0.11652604883805884;0.020496201237453545;0.9574852825016451
502916.0;581683.8735000001;0.49635773143441664;0.11674909377019699;0.017933002655526328;0.9927154628688333
502885.0;1408508.932599999;0.32571144048957207;0.11680353780875039;0.043423576927903836;0.6514228809791441
502596.0;568110.8162;0.4974159589059594;0.11731109674881277;0.01751455255970377;0.9948319178119188
502385.0;526059.5287000001;0.49426354834866737;0.11768166746283755;0.016218133860886604;0.9885270966973347
501902.0;2265802.7387999995;0.13061251514877614;0.11852994070868575;0.06985348637450099;0.2612250302975523
501831.0;605763.4635;0.48328271854807453;0.11865463511956613;0.018675363534152237;0.9665654370961491
501646.0;1273397.8005999995;0.3670101920997015;0.11897954309157839;0.0392581730043461;0.734020384199403
501074.0;1120521.4943;0.38603989549195283;0.1199841234158541;0.03454507826037612;0.7720797909839057
500499.0;629460.1465;0.48252602137969774;0.12099397251805434;0.019405919594799443;0.9650520427593955
500405.0;1529594.2139999995;0.2978357539606723;0.12115906089302274;0.047156571380416124;0.5956715079213446
500383.0;520543.8208999999;0.4977152601922106;0.12119769859780256;0.01604808753997117;0.9954305203844211
500158.0;583627.1998000001;0.4926154015854371;0.1215928569421418;0.017992914365797343;0.9852308031708742
499928.0;1571279.3157;0.2960304780436309;0.12199679658302189;0.0484417007669058;0.5920609560872618
499299.0;1350707.6244999992;0.3532787243216138;0.12310148368786354;0.041641593519264275;0.7065574486432276
499288.0;2263150.2320999987;0.13104623542124832;0.12312080254025347;0.0697717110118651;0.26209247084249665
498885.0;1730954.3857999998;0.2265479691184009;0.12382857504144772;0.053364397761916524;0.4530959382368018
498855.0;1353852.3026000003;0.3492433418620108;0.12388126282069295;0.041738542262881276;0.6984866837240216
498743.0;1699785.0162;0.2528280304978903;0.12407796386320848;0.05240346277081112;0.5056560609957806
498686.0;1583047.3313999998;0.28851529643741125;0.12417807064377441;0.048804502395784675;0.5770305928748225
498604.0;1074595.5203999996;0.4250161385559651;0.1243220839070447;0.03312920505256174;0.8500322771119302
498593.0;1011233.9954;0.4315426896713925;0.12434140275943463;0.031175803131263353;0.863085379342785
498526.0;505713.6395999999;0.4988849768510497;0.1244590721330823;0.015590880983711303;0.9977699537020994
498126.0;516666.5187;0.49746009472814423;0.12516157585635204;0.015928552387259265;0.9949201894562885
497953.0;1016015.8367;0.4290190927933843;0.1254654087166662;0.03132322474055644;0.8580381855867686
497847.0;1309416.4792;0.3530753003616832;0.12565157220333267;0.04036860959784461;0.7061506007233664
497780.0;2273544.566700001;0.11982273104617687;0.12576924157698036;0.07009216278726449;0.23964546209235374
497587.0;2218687.5597999995;0.14403239061072456;0.126108199623458;0.06840095060960395;0.28806478122144913
497474.0;604671.4716;0.487025928236581;0.1263066569252817;0.018641698008022584;0.974051856473162
497456.0;2228813.7814999986;0.131195286022787;0.12633826959282884;0.06871313660771987;0.262390572045574
497238.0;1210277.3471;0.36128981690847894;0.12672113412201086;0.03731220318843454;0.7225796338169579
497097.0;1003073.3578000001;0.4321093048506311;0.12696876668446344;0.03092421503948589;0.8642186097012622
496838.0;514576.4768999998;0.49768321489532197;0.12742363784528057;0.015864117516606855;0.9953664297906439
496546.0;507305.73209999996;0.49816905478569373;0.1279364655632675;0.01563996434381643;0.9963381095713875
496462.0;1082036.2104999998;0.39404046083236294;0.12808399134515414;0.03335859754804108;0.7880809216647259
496268.0;494542.3094000001;0.49957047676335803;0.12842470565093994;0.01524647484960802;0.9991409535267161
496215.0;963282.8563999998;0.4369346411858143;0.1285177873942732;0.0296974951667526;0.8738692823716286
496205.0;961497.8217999998;0.4241003762938433;0.12853534998735494;0.02964246350491643;0.8482007525876866
496139.0;514523.07819999993;0.49738302836882037;0.12865126310169445;0.015862471263250823;0.9947660567376407
495502.0;489480.8925999998;0.4997306770879075;0.1297700002810015;0.015090434077205325;0.999461354175815
495461.0;484787.13440000004;0.4988648545432632;0.12984200691263664;0.014945728022766301;0.9977297090865264
495345.0;1053829.9738999996;0.4239376430943083;0.13004573299238487;0.032489014362234905;0.8478752861886166
495220.0;430535.69440000004;0.49992719245325884;0.13026526540590666;0.013273185148692404;0.9998543849065177
495172.0;476646.73589999997;0.4989770505174968;0.13034956585269902;0.014694763891615184;0.9979541010349936
494968.0;596905.6591999999;0.4874671353563609;0.13070784275156658;0.01840228216595434;0.9749342707127218
494906.0;1804167.1831000003;0.19893545710846236;0.1308167308286734;0.05562150913840962;0.3978709142169247
494876.0;441359.00169999996;0.4984982143951757;0.13086941860791862;0.013606861922959167;0.9969964287903514
494823.0;563638.5060999999;0.4874272289316467;0.13096250035125187;0.017376673631726854;0.9748544578632934
494742.0;2029848.4910000006;0.1640724016963113;0.13110475735521399;0.06257914313558688;0.3281448033926226
494710.0;466380.6971999998;0.4976748725400903;0.13116095765307556;0.014378267410182579;0.9953497450801806
494669.0;499349.16409999994;0.49744215835163624;0.1312329642847107;0.015394667608642497;0.9948843167032725
494542.0;435222.14269999997;0.4990989829200154;0.13145600921684886;0.013417665842824774;0.9981979658400308
494167.0;1382011.3310000002;0.3391968550880302;0.1321146064574142;0.042606670045134874;0.6783937101760604
494074.0;633540.3468;0.47975376295608096;0.13227793857307443;0.019531709987396565;0.9595075259121619
493842.0;433669.96599999996;0.49823965107769913;0.13268539073257088;0.013369813065481195;0.9964793021553983
493819.0;1168669.1783999999;0.3652487665992487;0.13272578469665888;0.03602944560518054;0.7304975331984974
493809.0;869534.9380999997;0.4487214518426411;0.13274334728974063;0.026807296994834452;0.8974429036852822
493695.0;2159600.5711000008;0.15621256628355124;0.1329435608508725;0.06657933035582511;0.31242513256710247
493644.0;454638.5379;0.49609366445658165;0.1330331300755894;0.014016262920284149;0.9921873289131633
493627.0;1047308.6418999999;0.40171860260966413;0.13306298648382836;0.03228796518517952;0.8034372052193283
493558.0;449711.9418;0.4981413335868442;0.1331841683760924;0.013864378597941825;0.9962826671736884
493478.0;1330113.9711999998;0.35066321438353315;0.13332466912074634;0.04100670220434135;0.7013264287670663
493146.0;450993.96799999994;0.497141215240091;0.13390774721106022;0.013903902779884018;0.994282430480182
492887.0;366792.92360000004;0.4973617816597084;0.13436261837187738;0.011308029623322651;0.9947235633194168
492491.0;1271180.2854999998;0.3479651261304259;0.1350580970579144;0.039189808200044945;0.6959302522608518
491799.0;443851.86039999995;0.49636160136461766;0.13627342849917104;0.013683715423156731;0.9927232027292353
491729.0;417018.2172000001;0.49480221018195614;0.13639636665074326;0.012856448557620971;0.9896044203639123
491416.0;911484.5161999997;0.4445506936796013;0.13694607581420182;0.028100580047257788;0.8891013873592026
490838.0;405169.0976999999;0.49606013201979565;0.13796119369432658;0.012491146541973547;0.9921202640395913
490698.0;2212220.8958;0.14091691812517643;0.13820706999747098;0.06820158681774462;0.28183383625035285
490632.0;1978170.6939999992;0.1833243893875527;0.1383229831118105;0.06098594429846496;0.3666487787751054
490508.0;393878.4386;0.4957006845297376;0.1385407592660241;0.012143061561716757;0.9914013690594752
490462.0;895537.2079999996;0.43889930916751707;0.13862154719420014;0.027608933066263913;0.8777986183350341
490324.0;415342.77550000005;0.4952811040558902;0.1388639109787282;0.012804795586266455;0.9905622081117804
490027.0;450365.0750999999;0.4943701939457841;0.13938551999325596;0.01388451434819537;0.9887403878915682
489994.0;419953.20689999993;0.49480056139501344;0.13944347655042572;0.012946932720036108;0.9896011227900269
489813.0;336469.80150000006;0.4956006231149019;0.13976135948520527;0.010373183989952777;0.9912012462298038
489653.0;377513.15180000005;0.4945028950650851;0.14004236097451317;0.011638528524077285;0.9890057901301702
489316.0;371248.20650000003;0.494370193945784;0.1406342203613679;0.011445383611832049;0.988740387891568
488972.0;422276.56030000007;0.4942351873131698;0.1412383735633799;0.013018560462509408;0.9884703746263396
488825.0;345271.98059999995;0.4933253146415965;0.14149654368168152;0.010644550462990673;0.986650629283193
488778.0;334235.2979999999;0.4956641318715008;0.1415790878691657;0.01030429544236734;0.9913282637430016
488538.0;535250.4339;0.49263216037868024;0.14200059010312754;0.016501484551643353;0.9852643207573605
488526.0;851428.1351999997;0.4458394885658085;0.14202166521482565;0.026249073947434132;0.891678977131617
488500.0;1037307.4622;0.41405138975317446;0.14206732795683816;0.031979634165033924;0.8281027795063489
488465.0;321445.7875000001;0.4934877748985453;0.14212879703262427;0.009910001675240275;0.9869755497970906
488398.0;936724.2068;0.4310104068751934;0.14224646640627195;0.028878706206800473;0.8620208137503867
488386.0;2219128.4694000003;0.13682893492422454;0.14226754151797005;0.06841454361671293;0.2736578698484491
487885.0;326917.29760000005;0.4928234351294787;0.14314742743136538;0.010078685404707702;0.9856468702589574
487868.0;929469.284;0.42844353141357455;0.14317728383960435;0.028655040817806256;0.8568870628271491
487776.0;1378722.4998999995;0.3237511721080313;0.1433388596959564;0.04250527714164072;0.6475023442160626
487704.0;878459.4122;0.4426906845265852;0.14346531036614493;0.027082433757302186;0.8853813690531704
487694.0;304846.15650000004;0.49454866563459665;0.14348287295922668;0.009398243931274286;0.9890973312691933
487377.0;281904.2629;0.4965930928641899;0.14403960715991795;0.008690957624063977;0.9931861857283798
487296.0;399441.4539999999;0.4920878449379679;0.14418186416388007;0.012314566350633572;0.9841756898759358
487152.0;319296.39660000004;0.4933631709142208;0.14443476550425718;0.009843737103582927;0.9867263418284417
486962.0;393124.0886;0.49268097599952215;0.1447684547728103;0.012119805354746811;0.9853619519990443
486935.0;315389.0092;0.494370193945784;0.144815873774131;0.009723274440248713;0.988740387891568
486896.0;920076.7872;0.43323865353398405;0.1448843678871498;0.028365475165860396;0.8664773070679681
486842.0;1983757.3011000003;0.1702016791034516;0.1449792058897912;0.06115817640687273;0.3404033582069032
486738.0;1031017.6180000001;0.4135774720867778;0.14516185685784136;0.03178572163302105;0.8271549441735556
486481.0;307112.91760000004;0.4933631709142208;0.14561321550004214;0.00946812696341192;0.9867263418284417
486463.0;306261.2804;0.4937803698313583;0.14564482816758928;0.009441871444108536;0.9875607396627166
486348.0;507494.32760000014;0.489355630842191;0.14584679798802933;0.01564577864219464;0.978711261684382
486254.0;1870451.1181;0.19367370261592845;0.14601188636299772;0.05766500739670151;0.3873474052318569
486077.0;286834.88060000003;0.49268097599952215;0.1463227442605446;0.008842965930182998;0.9853619519990443
485925.0;285642.9765;0.4922594451023234;0.14658969567538707;0.008806220164374119;0.9845188902046468
485911.0;324841.9992;0.49215895544456245;0.14661428330570153;0.010014705065190501;0.9843179108891249
485617.0;1485505.4812999999;0.31311642803855044;0.14713062354230477;0.045797339335988674;0.6262328560771009
485616.0;271640.0592;0.49278531106224954;0.14713237980161295;0.008374517714699768;0.9855706221244991
485614.0;268450.7269;0.4937427657000794;0.1471358923202293;0.008276192305984004;0.9874855314001588
485599.0;266915.00959999993;0.4932497788842199;0.14716223620985192;0.008228846963137674;0.9864995577684398
485586.0;460699.0498;0.4916711173675135;0.14718506758085817;0.014203105260166465;0.983342234735027
485582.0;250003.39440000002;0.4919198874061993;0.14719209261809088;0.007707470913177715;0.9838397748123986
485423.0;321358.84640000004;0.4900053872648045;0.1474713378480906;0.009907321327635324;0.980010774529609
485227.0;1663304.9047000003;0.2554330023799062;0.14781556467249277;0.05127880044784337;0.5108660047598124
484950.0;270149.1972;0.4918107707234977;0.14830204850085704;0.00832855523675766;0.9836215414469954
484882.0;286454.52790000004;0.4915699054235644;0.1484214741338129;0.008831239859906895;0.9831398108471288
484715.0;1328793.6323999993;0.3382978727268594;0.14871476943827802;0.04096599686543598;0.6765957454537188
484711.0;318068.0316;0.4910194219012551;0.14872179447551073;0.009805867267731345;0.9820388438025102
484616.0;275441.31680000003;0.4909739012079225;0.14888863910978728;0.008491708453072781;0.981947802415845
484595.0;563986.0792;0.4871172267436344;0.14892552055525896;0.017387389124469996;0.9742344534872688
484416.0;819627.4536;0.4603647896711754;0.14923989097142215;0.025268675945081157;0.9207295793423508
484382.0;2175522.2694999995;0.1440052595008772;0.14929960378790008;0.06707018780038458;0.2880105190017544
484334.0;1161142.2717000002;0.37619434799107454;0.14938390423469244;0.0357973950980437;0.7523886959821491
484249.0;241603.69090000002;0.48922852077927764;0.14953318627588727;0.007448512547588552;0.9784570415585553
484138.0;227975.1853;0.4910194219012551;0.1497281310590946;0.007028353010338366;0.9820388438025102
484039.0;1491103.2999;0.3049354588514961;0.14990200073060386;0.04596991708894396;0.6098709177029922
483717.0;229679.23870000005;0.49091746700918265;0.150467516227836;0.007080888065098414;0.9818349340183653
483619.0;821592.7011000001;0.44744908916723647;0.1506396296400371;0.0253292634742217;0.8948981783344729
483517.0;330662.971;0.48907261823857195;0.15081876808947087;0.010194162511928784;0.9781452364771439
483481.0;238856.303;0.49031841771430257;0.15088199342456515;0.007363812048312185;0.9806368354286051
483402.0;211991.2319;0.4936496844741721;0.1510207379099109;0.006535576277431383;0.9872993689483442
483300.0;215970.32220000002;0.4920252775912467;0.1511998763593447;0.006658249502816028;0.9840505551824934
483230.0;223286.6049;0.49040788682012304;0.15132281451091692;0.006883806584703534;0.9808157736402461
483226.0;197887.27;0.4909564234158909;0.1513298395481496;0.006100758676791569;0.9819128468317818
483125.0;186722.9911;0.49082824188042445;0.15150722173827522;0.005756569930495278;0.9816564837608489
483107.0;223174.94220000005;0.4903184177143026;0.15153883440582236;0.006880364083395094;0.9806368354286052
482942.0;227108.7177;0.4897592126998627;0.15182861719167112;0.00700164027773632;0.9795184253997254
482898.0;222005.57370000004;0.4903184177143026;0.15190589260123077;0.006844313078079078;0.9806368354286052
482850.0;1556955.3774000006;0.2953832431206939;0.15199019304802316;0.04800010141152762;0.5907664862413878
482737.0;221549.23880000002;0.4890328333576911;0.15218865034984685;0.006830244517222698;0.9780656667153822
482673.0;2137942.3347000005;0.15942736841469757;0.15230105094557;0.0659116185134145;0.31885473682939514
482441.0;1017459.3985999997;0.41167481695661257;0.15270850310506645;0.03136772898171813;0.8233496339132251
482439.0;216302.1418;0.48903283335769104;0.1527120156236828;0.006668479323581302;0.9780656667153821
482360.0;778893.011;0.45598675422906526;0.15285076010902857;0.024012854870101356;0.9119735084581305
482306.0;179020.78860000003;0.48947021568685123;0.15294559811167;0.005519115147616719;0.9789404313737025
482248.0;239576.02710000004;0.4883612071801121;0.1530474611515441;0.0073860007573078226;0.9767224143602242
482209.0;179441.83140000002;0.4883211359379598;0.1531159552645629;0.005532095671909164;0.9766422718759196
482144.0;808304.7566999998;0.44442753866655327;0.15323011211959423;0.024919603256588575;0.8888550773331065
481823.0;1474175.9993000005;0.2970662886655528;0.1537938713575182;0.04544805746649272;0.5941325773311056
481609.0;903592.5834;0.43577364026517384;0.1541697108494675;0.027857275980724076;0.8715472805303477
481424.0;1140838.5174000002;0.37225986600952754;0.15449461882147975;0.03517144121421293;0.7445197320190551
481163.0;164294.18320000003;0.4903818741981622;0.15495300250091326;0.0050651017809472225;0.9807637483963244
481139.0;1788628.3815999995;0.22102787579602007;0.15499515272430944;0.0551424562004512;0.44205575159204014
480890.0;161230.9691;0.48875403985553023;0.15543246129204485;0.0049706645288721115;0.9775080797110605
480828.0;1120577.7654999997;0.3854652356590911;0.15554134936915165;0.034546813071370544;0.7709304713181822
480826.0;193863.8885;0.4876248709073861;0.155544861887768;0.005976719977403945;0.9752497418147722
480809.0;197842.50160000005;0.48747880177688535;0.15557471829600697;0.006099378490967864;0.9749576035537707
480788.0;176563.8644;0.48868915899733345;0.15561159974147862;0.005443369488831445;0.9773783179946669
480723.0;178862.4978;0.48801294469205475;0.15572575659650997;0.005514235126928392;0.9760258893841095
480653.0;266818.2579;0.4846873388779361;0.15584869474808216;0.008225864159982782;0.9693746777558722
480563.0;1793265.8088999984;0.19492914198600614;0.15600675808581785;0.0552854256033767;0.3898582839720123
480488.0;656286.1427999999;0.47533185353478435;0.15613847753393092;0.020232950710498816;0.9506637070695687
480375.0;194100.5872;0.4875191768427417;0.15633693483575464;0.005984017271705951;0.9750383536854834
480248.0;1112119.1668999996;0.3924659845733358;0.15655997976789277;0.034286039001353574;0.7849319691466716
480129.0;165497.7475;0.4875411987300948;0.15676897462556552;0.005102207024484624;0.9750823974601897
480051.0;164733.7781;0.4862253344182531;0.1569059628516031;0.005078654256558454;0.9724506688365062
479940.0;144152.6079;0.48596971716071347;0.15710090763481047;0.004444147788930829;0.9719394343214269
479667.0;132981.1481;0.4876248709073861;0.15758036642594206;0.004099737659328868;0.9752497418147722
479553.0;221860.79690000002;0.4835651912542174;0.15778057998707393;0.006839849686781607;0.9671303825084347
479199.0;864196.4052999998;0.4412545288653902;0.15840229578216763;0.02664271288439149;0.8825090577307804
479130.0;137630.42429999998;0.48596971716071347;0.15852347767443167;0.004243072357502988;0.9719394343214269
479124.0;138018.3034;0.48592875430259774;0.1585340152302807;0.0042550304626649375;0.9718575086051955
479106.0;1578080.9735;0.275900569173833;0.15856562789782785;0.04865139223841843;0.551801138347666
479083.0;2160299.4338000007;0.1553613975280278;0.15860602186191586;0.06660087591901828;0.3107227950560556
479009.0;136653.7858;0.4872150343859536;0.15873598505072076;0.0042129631149884815;0.9744300687719072
478994.0;126280.36279999999;0.4859697171607134;0.1587623289403434;0.0038931560330307618;0.9719394343214268
478992.0;130560.7921;0.483523338550757;0.15876584145895972;0.004025119378587896;0.967046677101514
478951.0;119776.3171;0.4851571189039666;0.15883784809059487;0.0036926397833572794;0.9703142378079332
478919.0;123448.29529999998;0.48483858956282966;0.15889404838845647;0.003805844906984683;0.9696771791256593
478909.0;116138.00489999999;0.4855721670894192;0.1589116109815382;0.0035804725645006714;0.9711443341788384
478890.0;1030644.2055999995;0.40591105761868207;0.1589449799083935;0.0317742095284813;0.8118221152373641
478760.0;0.0;0.474913638596668;0.15917329361845617;0.0;0.949827277193336
478059.0;0.0;0.4748312446701426;0.1604044313934864;0.0;0.9496624893402852
478032.0;901522.8250000001;0.4307322445965522;0.16045185039480708;0.027793466436443325;0.8614644891931044
477887.0;721993.7755999999;0.464351282011506;0.16070650799449238;0.022258681880250333;0.928702564023012
477866.0;957598.3202999998;0.4175974129291591;0.16074338943996402;0.029522243959660754;0.8351948258583182
477775.0;1345940.3057000004;0.3363288212935862;0.1609032090370079;0.0414946196308776;0.6726576425871724
477725.0;916888.2871;0.4267757997078032;0.1609910220024166;0.028267175413425456;0.8535515994156064
477552.0;1423546.7037;0.31459481714899007;0.16129485486273076;0.04388718336665018;0.6291896342979801
477382.0;0.0;0.47378208286918905;0.16159341894512042;0.0;0.9475641657383781
477350.0;761391.8967999998;0.45399089998367104;0.161649619242982;0.023473304881316468;0.9079817999673421
477176.0;696503.0599;0.4718190641929539;0.16195520836260432;0.02147281675115738;0.9436381283859078
476963.0;746724.1491999999;0.46055186114560764;0.16232929159524545;0.023021106069135735;0.9211037222912153
476961.0;1310201.0766999994;0.34477475931454377;0.1623328041138618;0.04039279831905902;0.6895495186290875
476687.0;1962320.659599999;0.17599944972171835;0.16281401916430158;0.060497296216689686;0.3519988994434367
476668.0;2208190.0161;0.14149134657163176;0.16284738809115687;0.06807731695286207;0.2829826931432635
476448.0;2158206.4183;0.15252268316241943;0.16323376513895524;0.0665363493707856;0.30504536632483886
476431.0;1337644.2020000005;0.33457490296334197;0.1632636215471942;0.041238855191703026;0.6691498059266839
476391.0;2047132.113099999;0.1567114782699087;0.16333387191952117;0.06311198795927338;0.3134229565398174
476227.0;2096705.2942000004;0.1494094601825737;0.16362189844606176;0.06464030261403612;0.2988189203651474
475841.0;719510.966;0.469721648062251;0.16429981453901707;0.02218213818843013;0.939443296124502
475658.0;0.0;0.4714367059716229;0.16462120999241295;0.0;0.9428734119432458
475282.0;1694088.7258999995;0.23815742069693183;0.1652815634922865;0.05222784918802102;0.47631484139386365
475146.0;1915719.6174;0.18807648820458214;0.16552041475819823;0.05906061101430565;0.3761529764091643
475084.0;0.0;0.47143670597162285;0.16562930283530503;0.0;0.9428734119432457
475053.0;2000585.6488999992;0.16666971896920046;0.16568374687385842;0.061676985367433504;0.33333943793840093
474829.0;1341580.876999999;0.3252836395502301;0.16607714895888948;0.041360220776078156;0.6505672791004602
474589.0;1562502.0965;0.2843627769088658;0.16649865119285132;0.048171103794232915;0.5687255538177316
474455.0;1466198.8265000002;0.3112529317129317;0.16673398994014668;0.04520212549635706;0.6225058634258634
474454.0;915127.9229999997;0.42369216982365226;0.16673574619945486;0.028212904329907102;0.8473843396473045
474426.0;0.0;0.47022247447792476;0.16678492146008375;0.0;0.9404449489558495
474418.0;1649562.6142000004;0.2685258801724767;0.16679897153454915;0.05085513298299399;0.5370517603449534
474378.0;1242921.7738999994;0.3607186209365372;0.16686922190687611;0.03831861340395262;0.7214372418730745
474323.0;1954618.8745000002;0.1767377879573364;0.1669658161688257;0.06025985430202988;0.3534755759146728
474287.0;1672729.5518999994;0.24739632433337513;0.16702904150391998;0.05156935727942275;0.49479264866675027
473528.0;773573.8562000002;0.44769691202598655;0.1683620423188243;0.02384886817303238;0.8953938240519731
473293.0;0.0;0.47010139101591225;0.16877476325624527;0.0;0.9402027820318245
473210.0;1458608.2949000003;0.29878444385021224;0.16892053277882374;0.04496811346758856;0.5975688877004245
473072.0;1899645.439;0.18245065611090538;0.1691628965633518;0.0585650526929134;0.36490131222181077
472773.0;1657036.0082999992;0.2613887077214178;0.16968801809649592;0.05108553372529869;0.5227774154428356
472613.0;720238.9238;0.4684482177135798;0.1699690195858038;0.022204580737992252;0.9368964354271596
472437.0;0.0;0.46898026243356444;0.17027812122404248;0.0;0.9379605248671289
472333.0;1391314.6684;0.31198236664121226;0.17046077219209263;0.04289348696047344;0.6239647332824245
471545.0;862555.5250999996;0.44330360311340417;0.17184470452693398;0.02659212542559373;0.8866072062268083
471237.0;725314.7340000003;0.4539309335301406;0.17238563239385168;0.02236106525121738;0.9078618670602812
470746.0;0.0;0.46641099739661496;0.1732479557141653;0.0;0.9328219947932299
470723.0;1764950.7539999995;0.2233321421733056;0.1732883496782533;0.05441248760759255;0.4466642843466112
470548.0;990741.2150000002;0.410288192687271;0.1735956950571838;0.030544021673886722;0.820576385374542
470294.0;2189215.3448;0.14371796917157348;0.17404178492146008;0.06749233798694504;0.28743593834314696
470090.0;694053.1108000001;0.46521098004227773;0.17440006182032763;0.021397286130973872;0.9304219600845555
469944.0;910836.1098999999;0.4274560071608586;0.1746564756793211;0.028080590027885596;0.8549120143217172
469749.0;1693968.0971999995;0.2432095718088942;0.1749989462444151;0.05222413026972883;0.4864191436177884
469603.0;2149976.658999999;0.14398954076339668;0.17525536010340856;0.0662826302939729;0.28797908152679336
469552.0;1668872.7248999996;0.2300033273258375;0.17534492932812543;0.0514504533661739;0.460006654651675
469341.0;1031828.9452999999;0.40531866633828034;0.17571550004215022;0.031810734419670694;0.8106373326765607
469285.0;843836.9896999998;0.44066167881229956;0.17581385056340798;0.026015042992457032;0.8813233576245991
469176.0;1297496.2440000002;0.32339218125709895;0.176005282827999;0.04000111512320865;0.6467843625141979
469163.0;939796.5158000002;0.4060625702884588;0.17602811419900524;0.028973423849777385;0.8121251405769176
468616.0;1971236.8933;0.16687045612130344;0.1769887880405766;0.060772178932033544;0.3337409122426069
468615.0;892652.5157999996;0.44055759331821087;0.17699054429988478;0.027519999548867753;0.8811151866364217
468270.0;684383.8448000001;0.4649479375971898;0.17759645376120495;0.02109918783264621;0.9298958751943796
468203.0;895018.9715999999;0.43966162105739376;0.1777141231348526;0.02759295611527597;0.8793232421147875
468010.0;1445742.8006999986;0.3094421813049652;0.17805308118133026;0.04457147716363696;0.6188843626099304
467486.0;0.0;0.4639398244587915;0.17897336105881362;0.0;0.927879648917583
467106.0;1553017.9803999995;0.27254681184916146;0.17964073959591986;0.047878713568278636;0.5450936236983229
467075.0;1871423.1898999987;0.17810475808930676;0.17969518363447326;0.057694975850297876;0.3562095161786135
466752.0;1296205.0156999992;0.3270735423218947;0.18026245539101357;0.03996130724544597;0.6541470846437893
466454.0;0.0;0.4623414225579966;0.18078582066484952;0.0;0.9246828451159932
466452.0;1426745.1126000006;0.3020919187819816;0.18078933318346588;0.043985788602088544;0.6041838375639632
466384.0;1072665.4739999997;0.39223944563508534;0.18090875881642174;0.03306970275450381;0.7844788912701707
466220.0;1620071.2401;0.2714366414354165;0.18119678534296232;0.049945929695530966;0.542873282870833
466026.0;1549215.8453999998;0.2825930509072067;0.18153749964874813;0.04776149578013298;0.5651861018144134
465890.0;1673156.006399999;0.22937914676419394;0.18177635091465985;0.051582504643531264;0.4587582935283879
465611.0;1588327.9639999997;0.2672508665039724;0.18226634726164048;0.048967301474034615;0.5345017330079448
465223.0;1220876.6101000002;0.35945550877435595;0.18294777587321212;0.037638972796782;0.7189110175487119
465174.0;1385726.2670999996;0.305388060331888;0.18303383257931266;0.042721199537839476;0.610776120663776
465159.0;0.0;0.46097517056581855;0.1830601764689353;0.0;0.9219503411316371
465137.0;1739745.3674999997;0.22359584942111657;0.18309881417371512;0.05363541902510233;0.44719169884223314
464780.0;0.0;0.4607983517876528;0.18372579874673337;0.0;0.9215967035753057
464650.0;1521634.549999999;0.29034098077178244;0.18395411245679602;0.04691117919721835;0.5806819615435649
464578.0;0.0;0.459520050104449;0.18408056312698456;0.0;0.919040100208898
464477.0;0.0;0.45948161635328966;0.18425794531711018;0.0;0.9189632327065793
464246.0;1062987.837;0.3959442050174955;0.18466364121729845;0.03277134638272413;0.791888410034991
463330.0;1259928.792799999;0.3407237494040648;0.18627237474358613;0.038842930698948556;0.6814474988081296
462898.0;1744384.9649999987;0.2138500957165832;0.18703107876471745;0.05377845533413292;0.4277001914331664
462870.0;840272.4479;0.4415419432742543;0.18708025402534634;0.025905150075569882;0.8830838865485086
462706.0;0.0;0.4583568322103026;0.18736828055188692;0.0;0.9167136644206052
462527.0;807712.7173;0.4434927083567647;0.18768265096805012;0.02490135099859062;0.8869854167135294
462281.0;1112313.2158;0.38915680788910567;0.18811469075786103;0.03429202142513656;0.7783136157782113
461981.0;1528656.3235;0.2827313797608225;0.1886415685503133;0.047127656718013874;0.565462759521645
461647.0;1869098.5403;0.16969677131216765;0.18922815915924354;0.057623308146672006;0.3393935426243353
461438.0;1612334.5676999993;0.2649188604783223;0.18959521735465198;0.049707412224074626;0.5298377209566446
461337.0;1119669.5669;0.38857548523095253;0.1897725995447776;0.03451881379436198;0.7771509704619051
460996.0;0.0;0.45500562657677446;0.19037148396886502;0.0;0.9100112531535489
460693.0;0.0;0.45371896724117255;0.19090363053924186;0.0;0.9074379344823451
460526.0;1385006.2449999999;0.3218591776389063;0.19119692584370698;0.04269900164166326;0.6437183552778126
460476.0;953059.3858999999;0.40161279930371496;0.1912847388091157;0.029382311040154676;0.8032255986074299
460429.0;1820859.7552999998;0.178821654364177;0.19136728299659989;0.05613613220985387;0.357643308728354
460347.0;1641520.1442;0.262278040994575;0.19151129625987018;0.05060718793511224;0.52455608198915
459799.0;839951.5667000001;0.43329672614515097;0.19247372636074972;0.025895257479825247;0.8665934522903019
459696.0;0.0;0.4534505773600353;0.19265462106949166;0.0;0.9069011547200706
459663.0;1526896.1160999995;0.27864914582389394;0.1927125776266614;0.047073390465472695;0.5572982916477879
459122.0;764062.3818999999;0.4442997942141885;0.19366271391238374;0.023555634508407027;0.888599588428377
458798.0;1664058.5172000004;0.2500705058532026;0.19423174192823223;0.051302033918082836;0.5001410117064052
458536.0;1288170.3408000006;0.3366416747971707;0.1946918818669739;0.039713602516327384;0.6732833495943414
458118.0;0.0;0.4518420806014593;0.19542599825779078;0.0;0.9036841612029186
458053.0;1232930.161599999;0.3432266112943159;0.1955401551128221;0.038010577341631054;0.6864532225886318
457754.0;799136.3692999997;0.4437102818113583;0.19606527664596624;0.0246369467775602;0.8874205636227166
457753.0;1660224.1527999998;0.24151849697907124;0.19606703290527439;0.05118382251477587;0.4830369939581425
457646.0;0.0;0.4505378686796947;0.19625495265124906;0.0;0.9010757373593894
457562.0;1073110.0587999998;0.37598483442060016;0.19640247843313569;0.03308340906606277;0.7519696688412003
457242.0;880285.8979999998;0.42633610927087845;0.1969644814117515;0.027138743337460552;0.8526722185417569
457142.0;916831.0317999998;0.4180407315790644;0.19714010734256893;0.028265410263154454;0.8360814631581288
457129.0;1628997.1553999986;0.25562748293833465;0.19716293871357518;0.050221110889423694;0.5112549658766693
456679.0;1277493.8903999997;0.3324626190784513;0.19795325540225364;0.03938445326172834;0.6649252381569026
456580.0;1043470.6325999997;0.39829140931966495;0.1981271250737629;0.03216964141155536;0.7965828186393299
456538.0;0.0;0.4502244733125208;0.19820088796470622;0.0;0.9004489466250416
456408.0;0.0;0.45017277658682964;0.19842920167476888;0.0;0.9003455531736593
456027.0;1656285.3997999993;0.2372966114457997;0.1990983364711833;0.05106239286677228;0.4745932228915994
455492.0;1584832.3931;0.2573749315584064;0.20003793520105656;0.048859534893099354;0.5147498631168128
455467.0;1026913.6775999999;0.38739096665025197;0.20008184168376092;0.03165919934584039;0.7747819333005039
455360.0;0.0;0.4488392030369694;0.20026976142973557;0.0;0.8976784060739388
455309.0;1617114.8821999996;0.2507862338482708;0.20035933065445247;0.04985478676294046;0.5015724676965416
455204.0;1011400.6252999998;0.39726759898733455;0.20054373788181076;0.031180940241943775;0.7945351979746691
455061.0;0.0;0.44851163392581783;0.2007948829628797;0.0;0.8970232678516357
454809.0;1719376.1817;0.22259359293356673;0.20123746030853965;0.05300744792312832;0.44518718586713346
454781.0;994895.1129999999;0.3927743447776298;0.2012866355691685;0.030672084127151174;0.7855486895552596
454768.0;0.0;0.446818247204679;0.2013094669401748;0.0;0.893636494409358
454716.0;875484.1555999999;0.42878490214962117;0.20140079242419984;0.026990708187900316;0.8575698042992423
454533.0;1017783.2199999999;0.3923371789907738;0.20172218787759574;0.031377712222255945;0.7846743579815476
454141.0;0.0;0.4454256008454785;0.2024106415264001;0.0;0.890851201690957
453797.0;1598968.6362;0.24683704848290883;0.20301479472841205;0.04929534770586674;0.49367409696581765
453335.0;913164.9593000001;0.42581613905951166;0.2038261865287886;0.028152387209098878;0.8516322781190233
453231.0;1107800.3996;0.3707319813579556;0.20400883749683874;0.034152893715764875;0.7414639627159112
452663.0;1559534.5117999995;0.270463482035817;0.20500639278388175;0.048079614745404044;0.540926964071634
452590.0;1373331.7993000005;0.3178894122780944;0.20513459971337847;0.042339084725830305;0.6357788245561888
452214.0;1516850.0453;0.295809140383175;0.20579495321325203;0.046763675476728044;0.59161828076635
452135.0;1514037.2501000003;0.2657226395006542;0.2059336976985978;0.0466769585053815;0.5314452790013084
451902.0;1260926.8517000002;0.3370694540272174;0.2063429061174024;0.03887370032093653;0.6741389080544348
451858.0;908942.9003999998;0.41796034692188316;0.2064201815269621;0.028022223391749226;0.8359206938437663
451827.0;0.0;0.4436695714869511;0.2064746255655155;0.0;0.8873391429739022
451774.0;1740573.1971999996;0.21718738749953187;0.20656770730884874;0.053660940571916234;0.43437477499906374
451726.0;1219535.6615999995;0.34631653305599364;0.2066520077556411;0.037597632071850524;0.6926330661119873
451449.0;888000.6831999999;0.40788215112031484;0.2071384915840054;0.027376586038249155;0.8157643022406297
450947.0;0.0;0.4433750525120725;0.2080201337567089;0.0;0.886750105024145
450727.0;1769915.8951999994;0.1941000573989143;0.20840651080450726;0.05456556025474865;0.3882001147978286
450719.0;1341221.8359999994;0.31009607442970943;0.20842056087897265;0.04134915173411264;0.6201921488594189
450616.0;839911.391;0.4350562386939191;0.20860145558771462;0.02589401888448573;0.8701124773878381
449911.0;0.0;0.4433332566090618;0.20983961839997753;0.0;0.8866665132181236
449895.0;1269387.191999999;0.31850655630931085;0.20986771854890832;0.039134528086632765;0.6370131126186217
449820.0;1172155.1658999994;0.3497593024815735;0.2099994379970214;0.036136916735020314;0.699518604963147
449816.0;1501695.4439999997;0.28855079253167726;0.21000646303425408;0.046296467225412564;0.5771015850633545
448712.0;0.0;0.4400570918155554;0.21194537331047855;0.0;0.8801141836311108
448398.0;1575314.7898999993;0.26151131392706545;0.2124968387332453;0.04856611227776556;0.5230226278541309
448369.0;805462.1019999997;0.43746675743490615;0.21254777025318233;0.02483196573282998;0.8749335148698123
447733.0;1542057.9347999992;0.2627150918042936;0.2136647511731812;0.0475408212253693;0.5254301836085872
447710.0;2137410.2724999995;0.1420749498618653;0.21370514513726924;0.06589521532040846;0.2841498997237306
447526.0;0.0;0.43928181468059524;0.2140282968499733;0.0;0.8785636293611905
446765.0;0.0;0.4378543097840544;0.21536481018349396;0.0;0.8757086195681087
446645.0;1479690.198799999;0.27341785133487867;0.2155755613004749;0.045618057287325944;0.5468357026697573
446345.0;1396927.1935999996;0.298579640102066;0.2161024390929272;0.043066518110039594;0.597159280204132
446288.0;1456124.3018000005;0.2909505690115283;0.21620254587349313;0.04489153328909646;0.5819011380230567
446225.0;839290.8577999996;0.4270921056589275;0.2163131902099081;0.02587488817787616;0.854184211317855
445863.0;1567593.0125999998;0.262644500383697;0.2169489560794672;0.04832805401427431;0.525289000767394
445299.0;0.0;0.4363511871339337;0.21793948632927754;0.0;0.8727023742678675
445228.0;0.0;0.43630793320347133;0.21806418074015793;0.0;0.8726158664069427
444877.0;0.0;0.43595926019845144;0.2186806277573271;0.0;0.8719185203969029
444771.0;1149830.8283999995;0.36273982978659197;0.21886679124399358;0.03544866935201914;0.7254796595731839
444351.0;0.0;0.43246258586877734;0.21960442015342682;0.0;0.8649251717375547
443623.0;867145.2549999997;0.41460007796215437;0.22088297692977774;0.026733624343192396;0.8292001559243087
443528.0;1314187.7364999996;0.31596212639334254;0.22104982156405428;0.040515704908079465;0.6319242527866851
443442.0;1225954.0256999992;0.3384390995142541;0.2212008598645573;0.037795506803630294;0.6768781990285082
442587.0;1629729.9733000002;0.23056760591682546;0.22270246157304635;0.05024370327326902;0.4611352118336509
442215.0;1050279.5781;0.3815458142161396;0.2233557900356872;0.032379557558960534;0.7630916284322792
441944.0;1725608.7103000002;0.22135963965720423;0.22383173630820244;0.05319959344585347;0.44271927931440846
441423.0;1181122.6110999996;0.3469228844433701;0.22474674740776127;0.036413378273514194;0.6938457688867402
441330.0;991460.1836999998;0.3873669651508973;0.22491007952342149;0.030566187094304437;0.7747339303017946
441148.0;2034266.9390999996;0.145231773413398;0.22522971871750921;0.06271536152691656;0.290463546826796
441110.0;0.0;0.4284299603958575;0.22529645657121983;0.0;0.856859920791715
440881.0;1227865.2657999997;0.33821002140633505;0.22569863995279174;0.037854429313519435;0.6764200428126701
440798.0;1459017.9835;0.2865521331115181;0.2258444094753702;0.04498074394796878;0.5731042662230362
440100.0;829085.3235999995;0.4232314675073484;0.2270702784724759;0.02556025701781243;0.8464629350146968
439818.0;941922.7472999997;0.40292091079448084;0.22756554359738107;0.029038974429521545;0.8058418215889617
439808.0;1139541.3596;0.3633512372507453;0.22758310619046282;0.03513145053313719;0.7267024745014906
439573.0;1267037.0867999992;0.32428527686109143;0.22799582712788377;0.03906207560047601;0.6485705537221829
439031.0;0.0;0.4259476793627063;0.22894771967291427;0.0;0.8518953587254126
438176.0;1393360.5011;0.30051972126127047;0.2304493213814033;0.04295655888822194;0.6010394425225409
438165.0;0.0;0.42424920374545627;0.23046864023379324;0.0;0.8484984074909125
437994.0;1572677.0052000002;0.2373584811662108;0.23076896057549104;0.048484790786514374;0.4747169623324216
437536.0;1249606.0460999997;0.33446306367169437;0.2315733273386349;0.03852468594021121;0.6689261273433887
437488.0;1185342.1340999994;0.33577558051345685;0.23165762778542726;0.03654346391042339;0.6715511610269137
436956.0;0.0;0.42420348523541235;0.232591957737376;0.0;0.8484069704708247
436946.0;1133059.2645999999;0.3665661223665867;0.23260952033045776;0.03493161101180245;0.7331322447331734
435698.0;980230.7072999999;0.39692489525018737;0.23480133194705932;0.03021998834395973;0.7938497905003747
435358.0;0.0;0.4238931418525611;0.2353984601118386;0.0;0.8477862837051222
435247.0;0.0;0.4238803204519572;0.23559340489504593;0.0;0.8477606409039145
434818.0;0.0;0.4238803204519571;0.23634684013825275;0.0;0.8477606409039142
434757.0;0.0;0.41991589148052616;0.23645397195605136;0.0;0.8398317829610523
434715.0;1715909.1641000004;0.22664414796689736;0.23652773484699469;0.052900561625157834;0.4532882959337947
433723.0;1017834.0277000002;0.3828958448431346;0.23826994408070362;0.03137927859646802;0.7657916896862692
433376.0;1092037.278;0.3600368794583725;0.2388793660606401;0.0336669251091207;0.720073758916745
432960.0;1185164.4010000003;0.34620682630420185;0.23960996993284064;0.0365379844940265;0.6924136526084037
432763.0;1167499.7362;0.347156081853764;0.23995595301655098;0.03599339232773295;0.694312163707528
432544.0;1118554.1249999998;0.35620506342516345;0.24034057380504117;0.0344844253172766;0.7124101268503269
432319.0;0.0;0.4195397278182845;0.2407357321493804;0.0;0.839079455636569
432316.0;1336980.0706000004;0.3146512331637655;0.2407410009273049;0.04121838037590977;0.629302466327531
432270.0;1140101.7612;0.35304784915699156;0.24082178885548094;0.035148727414685395;0.7060956983139831
431667.0;0.0;0.4154252496929925;0.24188081321831006;0.0;0.830850499385985
431554.0;953205.0872000002;0.3910759833586124;0.24207927052013375;0.029386802933292606;0.7821519667172248
431428.0;1475609.5498;0.2808207321562992;0.24230055919296373;0.04549225306154788;0.5616414643125984
431118.0;0.0;0.41504150815864177;0.24284499957849776;0.0;0.8300830163172835
430935.0;1054403.5190999997;0.38089640846788153;0.24316639503189366;0.03250669645394011;0.7617928169357631
430864.0;1056605.8841;0.37476219039108444;0.24329108944277406;0.032574594188762636;0.7495243807821689
429862.0;0.0;0.4131193339542472;0.24505086126956474;0.0;0.8262386679084944
428919.0;1816252.0857999998;0.18636397844166722;0.24670701379717314;0.055994080223983764;0.37272795688333443
428658.0;1265065.4551999997;0.32712078048576126;0.24716539747660662;0.03900129125294757;0.6542415609715225
427884.0;1241816.4098999994;0.3153130512635918;0.24852474218113357;0.0382845356231332;0.6306261025271837
427659.0;0.0;0.4103804782110513;0.24891990052547278;0.0;0.8207609564221026
425803.0;948896.5915000002;0.402774691541381;0.2521795178014444;0.02925397431563724;0.805549383082762
425383.0;1074098.5145000003;0.3637940473243939;0.25291714671087756;0.033113882626531824;0.7275880946487878
424850.0;0.0;0.41033192901996685;0.25385323292213446;0.0;0.8206638580399337
424115.0;1704798.8556999995;0.22161621609669588;0.25514408351364265;0.052558036760505675;0.44323243219339176
424025.0;0.0;0.4083339048885004;0.2553021468513783;0.0;0.8166678097770008
423688.0;0.0;0.40555102443987534;0.25589400623823305;0.0;0.8111020488797507
423078.0;1046764.0818999999;0.37768072334738473;0.2569653244162194;0.03227117669168505;0.7553614466947695
422240.0;1569541.2806999998;0.2592864974885199;0.2584370697164695;0.04838811807759578;0.5185729949770398
421496.0;0.0;0.40347540311335967;0.2597437266417512;0.0;0.8069508062267193
420986.0;1326976.2445999996;0.306466428930277;0.2606394188889201;0.04090996777175076;0.612932857860554
420665.0;1014040.823;0.3813004430071787;0.26120317812684407;0.031262336124694194;0.7626008860143574
420411.0;1176065.2798999997;0.3388071209997824;0.26164926799112037;0.036257463457973975;0.6776142419995648
419211.0;0.0;0.4009050177318959;0.26375677916092954;0.0;0.8018100354637918
419115.0;1241408.9882999996;0.3299116582754314;0.26392538005451427;0.038271975033150274;0.6598233165508628
418467.0;1281351.2299999997;0.3149406055446172;0.26506343608621125;0.03950337297816099;0.6298812110892344
417732.0;0.0;0.3979775782950033;0.2663542866777194;0.0;0.7959551565900066
416993.0;0.0;0.39577948152298653;0.2676521623064602;0.0;0.7915589630459731
415702.0;1376478.3849999995;0.2898529736065119;0.2699194930733133;0.04243609227973479;0.5797059472130238
415007.0;1154024.0738999993;0.3492518941421187;0.27114009329249444;0.03557794486766014;0.6985037882842374
414103.0;988015.0126999998;0.38359383942844727;0.272727751707084;0.030459974315325374;0.7671876788568945
413127.0;0.0;0.3926992260833812;0.2744418607918622;0.0;0.7853984521667624
411988.0;1620546.1602999996;0.23157353681079265;0.27644224014387275;0.04996057123124436;0.4631470736215853
411501.0;0.0;0.3904154784150624;0.27729753842695365;0.0;0.7808309568301248
411202.0;1347010.2655999996;0.3043581829555552;0.2778226599600978;0.041527605922232966;0.6087163659111104
410904.0;1675550.6960999987;0.21626884747652184;0.27834602523393376;0.051656331645973094;0.43253769495304367
410110.0;0.0;0.3903626770874825;0.2797404951246242;0.0;0.780725354174965
408981.0;0.0;0.38993559052872184;0.281723311883553;0.0;0.7798711810574437
408246.0;0.0;0.3872286464516635;0.2830141624750611;0.0;0.774457292903327
407147.0;1538963.3694999998;0.2650648463644267;0.2849442914547447;0.04744541743256913;0.5301296927288534
406842.0;1492141.2850999993;0.2704194377466962;0.28547995054373787;0.0460019176174028;0.5408388754933924
406815.0;1152474.0963999997;0.3441814385798164;0.2855273695450586;0.035530159890476136;0.6883628771596328
406514.0;0.0;0.3819997278576505;0.28605600359681904;0.0;0.763999455715301
406153.0;1296785.1607999995;0.30455843942380545;0.28669001320707;0.03997919280853765;0.6091168788476109
405285.0;1444332.2046999994;0.28069802496874086;0.28821444628656534;0.04452798924353759;0.5613960499374817
404343.0;1026327.7348999999;0.35533567301575963;0.28986884255486556;0.031641135045842074;0.7106713460315193
402644.0;1208182.0384999998;0.3266739095429463;0.29285272711945376;0.03724760594515554;0.6533478190858926
402062.0;988880.6320999999;0.37127684552163276;0.2938748700368112;0.030486660898375154;0.7425536910432655
401845.0;0.0;0.38194507973297454;0.29425597830668504;0.0;0.7638901594659491
401579.0;1203498.5353999995;0.3262310413584137;0.2947231432826594;0.037103216049963667;0.6524620827168274
401423.0;0.0;0.3809911181912053;0.2949971197347346;0.0;0.7619822363824106
401329.0;1481703.4753999996;0.2731380856854919;0.295162208109703;0.04568012552792695;0.5462761713709838
399561.0;0.0;0.3804925957039064;0.2982672745665552;0.0;0.7609851914078128
399220.0;1562555.2669999995;0.24146349478757917;0.29886615899064267;0.048172743012305015;0.48292698957515834
399097.0;0.0;0.37311347859955724;0.2990821788855481;0.0;0.7462269571991145
398606.0;1342772.0590000001;0.2999757977815225;0.2999445022058617;0.04139694427993035;0.599951595563045
396689.0;1295081.7621999998;0.31117285742893136;0.3033112512996319;0.039926677940911336;0.6223457148578627
396337.0;1156836.6411;0.3377498906825729;0.30392945457610926;0.03566465480988868;0.6754997813651458
395886.0;1091485.1387000002;0.3450085226031747;0.30472152752409587;0.03364990294986169;0.6900170452063494
395594.0;1091217.1682;0.347246165281516;0.30523435524208276;0.033641641562694134;0.694492330563032
394844.0;1202567.7545999999;0.3189598160240308;0.3065515497232135;0.03707452057580917;0.6379196320480616
394382.0;1447037.1150999994;0.27879096225366107;0.30736294152359006;0.04461138018421176;0.5575819245073221
393427.0;0.0;0.3669111175824537;0.30904016916289656;0.0;0.7338222351649074
390878.0;1241376.281;0.31189637361645445;0.31351687413943297;0.03827096668458764;0.6237927472329089
390059.0;1494016.4756999994;0.25618359043787536;0.31495525051282774;0.046059728740491156;0.5123671808757507
388261.0;1355407.6449000002;0.29969206540081067;0.3181130047489252;0.041786492633979454;0.5993841308016213
387249.0;0.0;0.3668530359802849;0.3198903391687976;0.0;0.7337060719605698
387025.0;0.0;0.366440822817464;0.32028374125382864;0.0;0.732881645634928
386477.0;1104882.3629;0.34201721858817846;0.3212461713547082;0.03406293220527095;0.6840344371763569
385982.0;0.0;0.3626337383214846;0.3221155197122545;0.0;0.7252674766429692
384735.0;0.0;0.3593696179772583;0.3243055750695479;0.0;0.7187392359545166
382560.0;1369879.4652999998;0.2732845842392495;0.32812543906482705;0.04223265111539297;0.546569168478499
381622.0;1174772.0758000002;0.3305073527689922;0.32977281029589456;0.036217594667354275;0.6610147055379844
381443.0;0.0;0.3593097964993544;0.3300871807120578;0.0;0.7186195929987088
380138.0;0.0;0.35378582245138873;0.33237909910922525;0.0;0.7075716449027775
379894.0;1329416.1258;0.28826836991280447;0.33280762638041983;0.04098518800396298;0.5765367398256089
375286.0;1137131.0682;0.33489824199289037;0.3409004692724871;0.035057142538630286;0.6697964839857807
374803.0;0.0;0.3537858224513886;0.34174874251833537;0.0;0.7075716449027772
374537.0;0.0;0.3526516985374647;0.34221590749430975;0.0;0.7053033970749294
373287.0;0.0;0.3525902437646585;0.34441123162952764;0.0;0.705180487529317
371639.0;0.0;0.3503445823206946;0.3473055469693989;0.0;0.7006891646413892
371515.0;1058717.5229000002;0.3390409815937259;0.34752332312361256;0.032639694883372004;0.6780819631874518
369934.0;1280791.0710999996;0.3071917861313062;0.3502999690898362;0.03948610357892395;0.6143835722626124
369060.0;0.0;0.3468356207725221;0.35183493972518054;0.0;0.6936712415450442
366594.0;0.0;0.3467726713325827;0.35616587517913845;0.0;0.6935453426651654
365383.0;0.0;0.34207242263267706;0.35829270520133755;0.0;0.6841448452653541
358633.0;0.0;0.3396060962808079;0.3701474555315143;0.0;0.6792121925616158
356232.0;0.0;0.33840368817427185;0.3743642341304409;0.0;0.6768073763485437
353106.0;0.0;0.33207900648925287;0.37985430072779386;0.0;0.6641580129785057
348187.0;0.0;0.3281975082672053;0.3884933402647034;0.0;0.6563950165344106
341921.0;0.0;0.32500999282331744;0.3994980610897238;0.0;0.6500199856466349
335724.0;0.0;0.3229522323193111;0.41038160002248014;0.0;0.6459044646386222
333062.0;0.0;0.3210310199973753;0.4150567623008402;0.0;0.6420620399947506
330828.0;0.0;0.31604625890302945;0.41898024559530167;0.0;0.6320925178060589
329568.0;0.0;0.3157116739341901;0.42119313232360134;0.0;0.6314233478683802
324289.0;0.0;0.31181595336654455;0.4304644252114536;0.0;0.6236319067330891
319102.0;0.0;0.30748958203899385;0.4395741422429539;0.0;0.6149791640779877
316701.0;0.0;0.3061151499870392;0.4437909208418805;0.0;0.6122302999740784
312469.0;0.0;0.30306303079142743;0.45122341023407425;0.0;0.6061260615828549
305711.0;0.0;0.3003608433132098;0.46309221063871636;0.0;0.6007216866264196
300631.0;0.0;0.2953544939453704;0.472014007924242;0.0;0.5907089878907408
293873.0;0.0;0.29256894630447844;0.48388280832888414;0.0;0.5851378926089569
287115.0;0.0;0.2898844192295725;0.4957516087335263;0.0;0.579768838459145
