1738251.0;1.7856459350900006E7;0.05919991171372858;4.7956252857105894E-4;0.18568782917238535;0.11839982342745715
1738225.0;2.2417322952300012E7;0.0591997935137547;4.945129191500128E-4;0.2331158687771477;0.1183995870275094
1738220.0;2.07032674908E7;0.05919990269545763;4.973879942613501E-4;0.2152915492145483;0.11839980539091526
1738099.0;1.9043049059000004E7;0.05919979284965228;5.669648119557123E-4;0.1980270764265885;0.11839958569930456
1738046.0;2.00391061614E7;0.059199789159986;5.974406081358875E-4;0.20838499103002692;0.118399578319972
1737991.0;1.7594732998400003E7;0.06172159386418943;6.290664343605977E-4;0.1829661586957305;0.12344318772837885
1737725.0;1.4168645777999993E7;0.07050429171029181;7.820204302837412E-4;0.14733856388482167;0.14100858342058362
1737706.0;1.6699160642800014E7;0.06049210723918416;7.929457157068229E-4;0.1736531765803942;0.12098421447836832
1737566.0;2.312799721010001E7;0.059199675779165795;8.734478188242668E-4;0.24050611101869973;0.11839935155833159
1737386.0;1.9402991698900014E7;0.059199789351858115;9.76950522832409E-4;0.20177008987153786;0.11839957870371623
1737119.0;2.1988635675700024E7;0.059199576255453176;0.00113047953377782;0.22865798559765493;0.11839915251090635
1737039.0;1.6604604760700004E7;0.07050393392143177;0.0011764807355592165;0.17266989786104683;0.14100786784286354
1736953.0;1.8796842092999995E7;0.05919968811596998;0.0012259320274742177;0.195466790753754;0.11839937623193995
1736812.0;1.4102744629399996E7;0.08535351589501725;0.0013070091456139292;0.14665326334550263;0.1707070317900345
1736446.0;1.3798319976199994E7;0.08535343556804763;0.0015174646437638183;0.1434875768066191;0.17070687113609526
1736293.0;1.3556479978299996E7;0.09186001729008003;0.0016054419421707392;0.14097270287026725;0.18372003458016006
1735378.0;1.4395742118799992E7;0.07050424148898331;0.002131580687545462;0.1497001197625841;0.14100848297796661
1735371.0;1.33253593158E7;0.10361527018685115;0.0021356057927013343;0.13856929840731336;0.2072305403737023
1733561.0;1.3284095584899994E7;0.1238220632437962;0.003176382983005431;0.1381402003165998;0.2476441264875924
1733294.0;1.31174967435E7;0.12405691265422561;0.003329911993950842;0.13640775288151294;0.24811382530845122
1733143.0;1.32376160205E7;0.11411831903348735;0.003416739262313228;0.13765686320901818;0.2282366380669747
1732966.0;1.3148569716E7;0.12160124264774091;0.0035185169212545676;0.13673087812689746;0.24320248529548183
1732335.0;1.2957326827700002E7;0.1332075441081967;0.003881351400305333;0.13474215930670796;0.2664150882163934
1732267.0;1.2986524222000001E7;0.13182035998494185;0.00392045242181952;0.1350457805710648;0.2636407199698837
1732109.0;1.2975189877199998E7;0.12934060780179849;0.0040113047953377785;0.1349279156662903;0.25868121560359697
1731562.0;1.2761200768300002E7;0.1370433251930332;0.004325838012518077;0.13270266079815932;0.2740866503860664
1731272.0;1.2749026882700007E7;0.1410873039034294;0.004492592368975639;0.1325760655787357;0.2821746078068588
1731018.0;1.3030640167599993E7;0.12859749181951566;0.004638646184631574;0.13550453860418726;0.2571949836390313
1730281.0;1.2695843354800003E7;0.15053733656888502;0.005062432256042689;0.1320230145147249;0.30107467313777003
1729701.0;1.2570401341E7;0.15278548940736017;0.005395940968957814;0.1307185534918648;0.30557097881472034
1729458.0;1.2665965221500004E7;0.14881862759474998;0.005535669619368806;0.13171231430237176;0.29763725518949996
1729310.0;1.2710815655299993E7;0.14680841403763237;0.00562077184266439;0.13217871021693137;0.29361682807526474
1729284.0;1.2697658534400003E7;0.14570002912307053;0.005635722233243343;0.13204189041575648;0.29140005824614107
1729023.0;1.2491563755500002E7;0.15548520580989034;0.00578580115405515;0.12989872802585217;0.3109704116197807
1728856.0;1.2425964150300007E7;0.15621940298800616;0.0058818286627738145;0.1292165632111607;0.3124388059760123
1728559.0;1.2538320402699998E7;0.14912056396801185;0.00605260812438725;0.13038494649432525;0.2982411279360237
1727258.0;1.229732355640001E7;0.165365792011154;0.006800702668357211;0.12787884042103026;0.330731584022308
1727007.0;1.7521544843500003E7;0.0592567540940972;0.006945031438946343;0.18220508118660894;0.1185135081881944
1726971.0;1.2175043932899997E7;0.16334251952701848;0.006965731979747971;0.1266072648307333;0.32668503905403695
1725944.0;1.2746472107999997E7;0.14421511987676566;0.007556272407616649;0.1325494986900403;0.2884302397535313
1725712.0;1.2114446084499996E7;0.17316117952882737;0.007689675892782699;0.1259771128671893;0.34632235905765474
1725397.0;1.2065617702099994E7;0.17629700822143524;0.007870805624796948;0.12546935059743125;0.3525940164428705
1725216.0;1.2381301320000006E7;0.1614260782162992;0.007974883343827358;0.12875211816972623;0.3228521564325984
1724094.0;1.6384836171000006E7;0.06779554661798255;0.008620050198811444;0.17038454265485853;0.1355910932359651
1723982.0;1.2004097372899996E7;0.18579183407321426;0.0086844518813054;0.12482960583310637;0.3715836681464285
1723719.0;1.2106608108400011E7;0.17420673080889498;0.00883568083216174;0.12589560640846137;0.34841346161778997
1723392.0;1.750965138050001E7;0.05923506174683937;0.009023710744443199;0.182081402058378;0.11847012349367873
1722872.0;1.1956773704199996E7;0.18699122934977655;0.009322718556022276;0.12433749095542021;0.3739824586995531
1722610.0;1.1955067777999999E7;0.1897761201277582;0.00947337249185635;0.12431975117136891;0.3795522402555164
1722495.0;1.1934933674199995E7;0.1880277616129086;0.009539499219417108;0.12411037830783055;0.3760555232258172
1721907.0;1.19153751082E7;0.19737707391683182;0.009877608052510372;0.12390699041379764;0.39475414783366364
1721336.0;1.184958532959999E7;0.19293348075714536;0.01020594163022509;0.1232228480018053;0.38586696151429073
1719874.0;1.169961916469999E7;0.20111523827510286;0.011046613592780112;0.12166336238025148;0.4022304765502057
1719189.0;1.1691793861000005E7;0.19809190199396107;0.011440498883033319;0.12158198770075257;0.39618380398792213
1718811.0;1.2053680871800007E7;0.1806860746952264;0.011657854561450418;0.12534522049627028;0.3613721493904528
1718562.0;1.1578875500700004E7;0.20858665481474267;0.011801033301995015;0.12040775910449081;0.41717330962948534
1718550.0;1.1617231016600009E7;0.20561349056538658;0.011807933482262225;0.12080661491035356;0.41122698113077316
1716998.0;1.1540356531000005E7;0.21746872998865863;0.012700356796821317;0.12000720355621583;0.43493745997731725
1716341.0;1.1532599264600009E7;0.22655464507379458;0.013078141666451036;0.11992653639091608;0.45310929014758916
1715895.0;1.176270210650001E7;0.1976887256212944;0.013334598366382322;0.12231935662247302;0.3953774512425888
1714974.0;1.1424294143400004E7;0.21112030089487488;0.01386418720189065;0.11880028048269387;0.42224060178974976
1714375.0;1.1384143255100004E7;0.23238347830536496;0.014208621200228855;0.11838275474921782;0.4647669566107299
1713133.0;1.1345769766800007E7;0.2205079048960896;0.014922789857885038;0.11798371204986884;0.4410158097921792
1710871.0;1.1337128863199992E7;0.23418677836831778;0.016223473838254024;0.11789385601513966;0.46837355673663555
1710597.0;1.1262224131399991E7;0.23296405894085104;0.016381027954355306;0.11711492796622716;0.4659281178817021
1708463.0;1.1262837686300006E7;0.2275242605284431;0.01760811001187406;0.11712130827237985;0.4550485210568862
1707504.0;1.1124350672899993E7;0.24686988432915094;0.01815954941822855;0.11568119338837742;0.4937397686583019
1707343.0;1.1031726816599993E7;0.2468788536856384;0.018252126836813612;0.11471800564393496;0.4937577073712768
1707137.0;1.1142036746800004E7;0.24302576397227738;0.018370579931400708;0.11586510939347895;0.48605152794455475
1706384.0;1.1230864065000003E7;0.23575095669470147;0.018803566243168104;0.11678881725535871;0.47150191338940295
1705229.0;1.0978624247799994E7;0.25809496249508335;0.019467708593887016;0.1141657964668423;0.5161899249901667
1704929.0;1.0847144545900002E7;0.2615075487989741;0.019640213100567253;0.11279855002978133;0.5230150975979482
1704866.0;1.1222857303699993E7;0.23544339351331697;0.019676439046970102;0.11670555561343497;0.47088678702663395
1704093.0;1.1124814521400008E7;0.23610467043642888;0.020120925659182845;0.11568601691018206;0.47220934087285776
1704076.0;1.1093400847700004E7;0.2442751543738864;0.020130700914561393;0.11535934874147875;0.4885503087477728
1703813.0;1.0959762514799988E7;0.257554284916605;0.020281929865417735;0.11396965488096716;0.51510856983321
1703287.0;1.0756262322600007E7;0.2707949307137929;0.020584387767130417;0.11185347338142072;0.5415898614275858
1703178.0;1.1157605305100001E7;0.2345380973068478;0.020647064404557568;0.11602700553074004;0.4690761946136956
1702639.0;1.0982615643099999E7;0.2572167489286811;0.02095699750155973;0.11420730265315068;0.5144334978573623
1701690.0;1.1101359213699998E7;0.2423037808666004;0.021502686757691545;0.11544210712472026;0.4846075617332008
1701413.0;1.10519630218E7;0.24102546982623693;0.02166196591885963;0.11492844025140303;0.48205093965247386
1700802.0;1.7366972990300003E7;0.05943963976358197;0.022013300097465046;0.18059770139715398;0.11887927952716394
1700742.0;1.0652412300300006E7;0.27965134130791236;0.022047800998801093;0.11077354567450837;0.5593026826158247
1700510.0;1.1008024463800002E7;0.2562555580987732;0.022181204483967144;0.11447152685711508;0.5125111161975464
1700259.0;1.0998986538099999E7;0.24978998019920962;0.022325533254556277;0.11437754222273287;0.49957996039841923
1700026.0;1.0995150613399997E7;0.24522704881552337;0.02245951175474459;0.11433765276220687;0.49045409763104675
1699975.0;1.72044704393E7;0.05948716735776676;0.022488837520880232;0.178907850943758;0.11897433471553352
1699631.0;1.0965946262500001E7;0.2505493597583081;0.02268664268854024;0.11403395915674776;0.5010987195166162
1699103.0;1.0845427056699993E7;0.267619232212104;0.022990250620297456;0.1127806900030588;0.535238464424208
1699082.0;1.0833467142500004E7;0.26634411301220384;0.02300232593576507;0.11265631985435001;0.5326882260244077
1698327.0;1.0819367076500006E7;0.2634016606273576;0.023436462277577;0.11250969444584791;0.5268033212547152
1697116.0;1.0733986662300007E7;0.27102207919333904;0.02413280546954289;0.11162183065073122;0.5420441583866781
1696965.0;1.0937853736399991E7;0.25922934050848156;0.024219632737905276;0.11374182732450877;0.5184586810169631
1696521.0;1.0733069137700005E7;0.2762505689140776;0.024474939407792027;0.11161228938906011;0.5525011378281552
1695003.0;1.053545859740001E7;0.2847751303461284;0.025347812211594028;0.10955735388763671;0.5695502606922568
1693459.0;1.6604457827399986E7;0.05954515991403687;0.02623563540597498;0.17266836991393386;0.11909031982807373
1693256.0;1.0605010971400004E7;0.28155700296277414;0.026352363455495274;0.11028062321488964;0.5631140059255483
1692197.0;1.0810748454100005E7;0.25809212531166853;0.02696130436407651;0.11242007011145645;0.5161842506233371
1691718.0;1.04213943264E7;0.2952373069212938;0.027236736559742625;0.10837120906172783;0.5904746138425876
1691024.0;1.0786413823700003E7;0.2675324750129336;0.027635796985196238;0.11216701632269059;0.5350649500258672
1690332.0;1.0656989755000003E7;0.2775417544963348;0.02803370738060532;0.11082114624356153;0.5550835089926696
1689738.0;1.05068299547E7;0.29084062652341175;0.028375266303832188;0.10925964702365817;0.5816812530468235
1688546.0;1.0663027516799994E7;0.27662838872666445;0.029060684210374995;0.11088393242416254;0.5532567774533289
1687531.0;1.0225448844300006E7;0.31054164094562553;0.029644324457976465;0.10633358836143761;0.6210832818912511
1687181.0;1.0479437649399994E7;0.2918740800316582;0.029845579715770076;0.10897479672902632;0.5837481600633164
1686701.0;1.6395168160499986E7;0.05965905636554545;0.030121586926458454;0.17049198415059866;0.1193181127310909
1685150.0;1.0376245114400003E7;0.30645465326180327;0.03101343522599528;0.10790170617762439;0.6129093065236065
1684634.0;1.0358462788700005E7;0.30757326536745455;0.031310142977485286;0.10771678925809507;0.6151465307349091
1681573.0;1.0413381997799994E7;0.3006574260606288;0.033070263960645975;0.10828788952591649;0.6013148521212576
1680550.0;1.035623130150001E7;0.30429877732827504;0.03365850432842558;0.10769358420910688;0.6085975546565501
1677753.0;1.0129228395600006E7;0.31775435424099857;0.035266821345707654;0.10533299995306453;0.6355087084819971
1676853.0;1.5905648295399994E7;0.06268499718468867;0.03578433486574837;0.16540150796487066;0.12536999436937735
1676531.0;1.021148903440001E7;0.31749773122882236;0.03596948970291849;0.10618842146440331;0.6349954624576447
1676313.0;1.0215330749499997E7;0.3157507968503519;0.036094842977772795;0.10622837113881507;0.6315015937007038
1675899.0;1.0327689954700002E7;0.30607327516352606;0.03633289919699152;0.10739678512790031;0.6121465503270521
1675292.0;1.04033362163E7;0.29524435230092405;0.03668193331550787;0.10818342428326018;0.5904887046018481
1674767.0;1.6141016223099982E7;0.05987119222771497;0.03698381620219828;0.16784907938384913;0.11974238445542994
1674068.0;1.0393155100900002E7;0.30425018086450134;0.03738575170276323;0.10807755171468271;0.6085003617290027
1673007.0;1.0038309292000005E7;0.32332920818724226;0.037995842641389006;0.1043875397895449;0.6466584163744845
1671776.0;1.0276691982799998E7;0.3099990844500761;0.03870368613380024;0.10686646147816575;0.6199981689001522
1671353.0;1.0520635252500003E7;0.2904891475641581;0.03894691748821938;0.10940320716227163;0.5809782951283162
1670530.0;1.0279791520399995E7;0.3068862235795989;0.0394201548515455;0.10689869331075201;0.6137724471591978
1669398.0;1.0084415204599991E7;0.3184319770173404;0.04007107185675226;0.1048669913232708;0.6368639540346808
1668983.0;1.0126447642799994E7;0.3068862235795988;0.04030970309099325;0.105304083136984;0.6137724471591977
1668474.0;9787642.087200005;0.35129348534485033;0.040602385737327384;0.1017808724660099;0.7025869706897007
1667777.0;9624134.134000003;0.35130496241239423;0.041003171207847806;0.10008056691912119;0.7026099248247885
1667155.0;9784783.466899997;0.3335027429235231;0.04136083055169816;0.1017511459123015;0.6670054858470462
1665967.0;9984449.271700002;0.3182887488482793;0.042043948398151905;0.10382745393757649;0.6365774976965586
1664161.0;9759762.896299992;0.34389273164450107;0.04308242552836693;0.101490959088695;0.6877854632890021
1663504.0;9627490.255599996;0.3458245240620845;0.04346021039799665;0.10011546694728998;0.691649048124169
1662777.0;1.5681938197999993E7;0.06463720414937807;0.04387824631918509;0.16307516534935906;0.12927440829875614
1662688.0;9405073.270900004;0.3616024967201763;0.043929422656166894;0.09780257130272718;0.7232049934403526
1662159.0;9298023.18739999;0.3473071693733756;0.044233605602946376;0.09668936642670914;0.6946143387467512
1661233.0;9507739.080499986;0.34511489037497867;0.04476606951356604;0.0988701844806938;0.6902297807499573
1660413.0;8729478.340500005;0.37326783039857314;0.04523758183182536;0.09077711605649878;0.7465356607971463
1658975.0;9053039.199100012;0.36573620112335126;0.04606445343384596;0.09414179839681729;0.7314724022467025
1658811.0;9120779.499599999;0.36209544704655133;0.04615875589749782;0.094846224123113;0.7241908940931027
1658775.0;9611557.506300004;0.3421801415053472;0.04617945643829945;0.09994978361824221;0.6843602830106944
1658220.0;8403666.630400004;0.3876655598290199;0.04649858977565789;0.087389027299454;0.7753311196580398
1656646.0;8688284.828100003;0.3750075926894337;0.047403663420706864;0.09034874816210114;0.7500151853788674
1654767.0;8868736.138499998;0.3600713098829088;0.04848411664754742;0.09222524626516986;0.7201426197658176
1654702.0;8346027.209100002;0.39058751552482635;0.0485214926239948;0.08678963977219427;0.7811750310496527
1654160.0;8620048.0402;0.3856415687117757;0.04883315076606377;0.08963915950480615;0.7712831374235514
1654020.0;9272313.321699986;0.34991425426139855;0.04891365286918121;0.09642201168093717;0.6998285085227971
1653980.0;8502165.804800004;0.37739325858069456;0.04893665347007191;0.08841331198603081;0.7547865171613891
1653846.0;8435488.304599999;0.38115719514496493;0.049013705483055746;0.08771993823127487;0.7623143902899299
1653552.0;8336455.677600004;0.3923217774267118;0.04918275989960238;0.08669010621567202;0.7846435548534236
1653310.0;8687584.7353;0.3738606455083341;0.0493219135349911;0.09034146795555532;0.7477212910166682
1652912.0;8172863.930799999;0.39128213520306554;0.04955076951385355;0.08498892930613647;0.7825642704061311
1652570.0;8364870.834400005;0.38311774929252784;0.04974742465146902;0.08698559305760965;0.7662354985850557
1652505.0;8287611.2163999975;0.38584291010574845;0.049784800627916403;0.08618217674381584;0.7716858202114969
1650622.0;8163966.425199996;0.378191534698662;0.05086755391484603;0.08489640488864435;0.756383069397324
1649612.0;8138061.196600006;0.38905539101095066;0.05144831908733616;0.08462701858039483;0.7781107820219013
1649555.0;7956887.3228;0.3958429220717565;0.0514810949436054;0.08274300660088786;0.791685844143513
1649209.0;9092476.768399999;0.35766196195550715;0.05168005014130994;0.09455190638559845;0.7153239239110143
1648311.0;7870525.155299999;0.39218278496354586;0.052196413631306116;0.08184493363521403;0.7843655699270917
1647873.0;8497291.031000007;0.36983677368287365;0.052448270211059266;0.08836261962049294;0.7396735473657473
1647868.0;8842916.9025;0.36453151345172086;0.0524511452861706;0.09195675418678437;0.7290630269034417
1644986.0;9035885.130800005;0.3534741673322634;0.05410833858034541;0.09396341467350976;0.7069483346645268
1641652.0;7640566.330900002;0.4058375422002578;0.05602543866458511;0.0794536110296093;0.8116750844005156
1641551.0;8009808.313400004;0.3916881570313802;0.056083515181834125;0.0832933275614467;0.7833763140627604
1640473.0;8106271.474000004;0.3871593568106626;0.05670338137583844;0.08429643991059324;0.7743187136213252
1640378.0;7597541.507699997;0.4018832708249612;0.056758007802953855;0.07900619948717874;0.8037665416499225
1640009.0;7761230.126099997;0.3959738223882584;0.05697018834617054;0.0807083837563906;0.7919476447765168
1639310.0;7646271.557500006;0.40163575476958036;0.0573721238467355;0.07951293920444356;0.8032715095391607
1638246.0;7439340.348;0.40687729768151926;0.05798393983042807;0.07736107884260003;0.8137545953630385
1636226.0;9478479.860500002;0.34633225482476676;0.05914547017540833;0.09856592029604734;0.6926645096495335
1635376.0;7392216.198000005;0.4091940799079744;0.05963423294433567;0.07687103874320866;0.8183881598159488
1633618.0;7368377.574800004;0.41590955643065275;0.06064510935348186;0.07662314289188225;0.8318191128613055
1631330.0;8641982.2911;0.364661216606384;0.0619607437244298;0.08986725194766425;0.729322433212768
1630654.0;7357278.436400002;0.4150659790996416;0.062349453879482604;0.07650772387881366;0.8301319581992832
1630398.0;7257252.044300002;0.4244010455444702;0.06249665772518307;0.07546755778294884;0.8488020910889404
1629978.0;7225981.9605;0.43026247057334305;0.0627381640345354;0.07514238279362104;0.8605249411466861
1629833.0;7340378.354899999;0.41953135733489144;0.06282154121276419;0.0763319813430229;0.8390627146697829
1629135.0;7125624.745400006;0.41608554745160586;0.06322290169830687;0.07409877649701416;0.8321710949032117
1628896.0;7220030.337100005;0.4147511059296313;0.0633603302886288;0.07508049235904611;0.8295022118592627
1628630.0;7075898.1327;0.42750152892074067;0.06351328428455194;0.07358167360539894;0.8550030578414813
1628480.0;6997978.4174000025;0.4251503046045737;0.06359953653789205;0.07277139299492295;0.8503006092091474
1627587.0;7089566.9555;0.4202688345041109;0.06411302495277689;0.07372381455188765;0.8405376690082218
1627489.0;7034469.543500003;0.42167095102586855;0.0641693764249591;0.07315086116699501;0.8433419020517371
1624409.0;6951172.2304000035;0.4308862918106392;0.06594042269354287;0.0722846593662079;0.8617725836212784
1623796.0;6939253.401500003;0.43482363056386675;0.06629290690219282;0.07216071646010168;0.8696472611277335
1623736.0;6854039.357700001;0.43233777127357054;0.06632740780352887;0.071274582736877;0.8646755425471411
1622814.0;6788877.5100000035;0.42739923656381545;0.06685757165405946;0.07059697012586047;0.8547984731276309
1619162.0;6760363.777600002;0.4366562793981626;0.06895752651538022;0.07030045820449282;0.8733125587963252
1618099.0;6758914.650400003;0.4306584126654066;0.06956876748405053;0.07028538885179111;0.8613168253308132
1618002.0;7352503.905700002;0.41195556140579587;0.06962454394121047;0.07645807393289898;0.8239111228115917
1617759.0;6622562.990600003;0.4408364596007973;0.06976427259162146;0.06886747933150104;0.8816729192015946
1616258.0;6849027.977499993;0.4272221031431695;0.07062737014004491;0.07122246981279667;0.854444206286339
1616101.0;6739699.724600003;0.42989171870614906;0.0707176474985409;0.07008557444349238;0.8597834374122981
1615797.0;6519381.695899996;0.4391972104765623;0.07089245206531021;0.06779450566703969;0.8783944209531246
1615062.0;8849410.845600009;0.35794547165508434;0.07131508810667679;0.09202428415861771;0.7158909433101687
1614463.0;6702367.132900003;0.4366577803329859;0.071659522105015;0.06969735594093675;0.8733155606659718
1613851.0;6738618.468700001;0.436152349894992;0.07201143129864268;0.07007433055370965;0.872304699789984
1612157.0;6720776.207099997;0.4231363493135906;0.07298550674636375;0.06988879036576284;0.8462726986271812
1611067.0;6333537.455300001;0.4433623812737492;0.07361227312063527;0.06586192693331305;0.8867247625474984
1609741.0;6310912.249499999;0.4480128971353148;0.07437474304016192;0.06562664930816789;0.8960257942706296
1609078.0;6516651.413700004;0.43318463757610975;0.07475597799992525;0.06776611369051277;0.8663692751522195
1608699.0;6453281.570700001;0.4341699100767192;0.07497390869336461;0.06710713598667854;0.8683398201534384
1607725.0;6320551.8698;0.44269305565504924;0.07553397332505311;0.06572689091443365;0.8853861113100985
1607679.0;6356397.440399997;0.44034204923142023;0.07556042401607742;0.06609964600878684;0.8806840984628405
1606545.0;6271814.639499999;0.45459096069490273;0.07621249105132871;0.06522007652774921;0.9091819213898055
1606371.0;6284746.898500002;0.43995894979389905;0.07631254366520325;0.06535455800880971;0.8799178995877981
1605889.0;6095434.7653;0.4542114115389142;0.07658970090593617;0.06338591694962178;0.9084228230778284
1604860.0;6243661.333899997;0.45360401721154014;0.07718139136384938;0.06492731265456696;0.9072080344230803
1603498.0;6365717.865899998;0.4360523947318276;0.07796456182417766;0.06619656833499094;0.8721047894636552
1602585.0;6158148.6912;0.4537517875082707;0.07848955053950785;0.06403807382632433;0.9075035750165414
1602567.0;6136972.810900003;0.4533137423216234;0.07849990080990867;0.06381786761598608;0.9066274846432468
1602325.0;5878624.048299999;0.4555193611871964;0.07863905444529738;0.061131320414558446;0.9110387223743928
1601876.0;6198092.780699997;0.4366938709028031;0.07889723619029547;0.06445344907635385;0.8733877418056062
1601580.0;6161763.368600002;0.44351072000023434;0.07906744063688664;0.06407566255465927;0.8870214400004687
1600885.0;6070422.524200002;0.44538721700457723;0.07946707607736252;0.06312581674379006;0.8907744340091545
1600800.0;6022150.9476000015;0.4549994176789374;0.07951595235425525;0.06262384465103413;0.9099988353578748
1600348.0;5923123.615199997;0.45482950122398214;0.07977585914432014;0.0615940676935343;0.9096590024479643
1600042.0;5722535.7401;0.4583962758882848;0.07995181374113398;0.059508171136233724;0.9167925517765696
1599815.0;5921947.299799996;0.4501623019733484;0.0800823421511887;0.061581835287951775;0.9003246039466968
1598532.0;6065310.754999998;0.4467622378154726;0.08082008642475785;0.06307265988288464;0.8935244756309452
1596460.0;5642696.242100001;0.46449288393607757;0.08201151755089602;0.058677926865827144;0.9289857678721551
1596455.0;6030149.754900003;0.4458433566841279;0.08201439262600735;0.06270702357997619;0.8916867133682558
1595994.0;5571844.559200001;0.4641679718892491;0.08227947455127266;0.057941146133859235;0.9283359437784982
1595983.0;5619038.2588;0.46035635237768224;0.08228579971651759;0.05843190947373131;0.9207127047553645
1595772.0;5577685.784700002;0.4613726726206202;0.08240712788621603;0.058001888549894076;0.9227453452412404
1595594.0;5746692.204399997;0.4554830361944324;0.08250948056017963;0.05975937219060852;0.9109660723888648
1594915.0;5877140.070900002;0.45265612712888564;0.08289991576029923;0.06111588865753812;0.9053122542577713
1594609.0;5908416.181899998;0.45231880666226526;0.08307587035711309;0.061441126323215176;0.9046376133245305
1594034.0;5510951.940599999;0.466345805348413;0.08340650399491686;0.05730792887962869;0.932691610696826
1593150.0;5781631.834499996;0.4534615863848213;0.0839148172746013;0.06012270648537889;0.9069231727696426
1593005.0;5720652.845599999;0.45761870350321643;0.08399819445283008;0.05948859107361352;0.9152374070064329
1592741.0;5373307.5752;0.4650723642519375;0.08414999841870868;0.055876576621788826;0.930144728503875
1592603.0;5608909.804999998;0.4534615863848213;0.0842293504917816;0.058326584528733155;0.9069231727696426
1591908.0;5710621.787700003;0.4521219484336762;0.08462898593225748;0.05938427894044369;0.9042438968673524
1591236.0;5445363.653;0.4621437402462467;0.0850153960272212;0.05662588175571417;0.9242874804924934
1591166.0;5370952.1593;0.46727421915848666;0.08505564707877994;0.055852082848601534;0.9345484383169733
1591094.0;5580491.199699999;0.45537397270872504;0.08509704816038319;0.058031061826132116;0.9107479454174501
1589225.0;6145058.553699997;0.44500328485278084;0.08617175123700106;0.06390195057993052;0.8900065697055617
1588458.0;5531034.906599999;0.4616737558777117;0.08661278775908021;0.05751676996545654;0.9233475117554234
1588361.0;5340503.1728;0.46753118662923915;0.08666856421624015;0.0555354463815071;0.9350623732584783
1587039.0;5334817.968200001;0.4691946731961643;0.08742873407567772;0.055476326413778365;0.9383893463923286
1586360.0;5888378.8107;0.4512220813487072;0.08781916927579733;0.06123275937390384;0.9024441626974145
1584984.0;5282206.835200001;0.46862742036751015;0.08861038994643736;0.0549292276365184;0.9372548407350203
1583931.0;5286526.623699999;0.4662817416852857;0.08921588076488499;0.05497414875628161;0.9325634833705714
1582481.0;5390490.183599999;0.46152024254355295;0.0900496525471728;0.056055257131212115;0.9230404850871059
1582286.0;5236466.444000002;0.469506935975339;0.09016178047651495;0.05445357712929758;0.939013871950678
1582285.0;5213863.5846;0.4693646032289125;0.09016235549153721;0.054218531882499345;0.938729206457825
1581764.0;5228317.317399999;0.46804517038883653;0.09046193831813856;0.05436883504251154;0.9360903407776731
1581437.0;5425586.856700003;0.460323091157477;0.09064996823042001;0.05642022450302114;0.920646182314954
1581409.0;9595575.583200006;0.34426582941443135;0.09066606865104351;0.09978358893495584;0.6885316588288627
1580925.0;5354209.2590999985;0.46072250190690234;0.09094437592182096;0.055677974828019526;0.9214450038138047
1579713.0;5252887.211000003;0.4650750424490303;0.09164129412880911;0.05462433531364178;0.9301500848980606
1579259.0;5518539.6099999985;0.45941647345082204;0.09190235094891853;0.05738683241989254;0.9188329469016441
1579117.0;5199603.145900002;0.47145182664846397;0.09198400308208052;0.05407023877168647;0.9429036532969279
1578794.0;5230848.878099999;0.467055351267993;0.09216973293427291;0.054395160530759996;0.934110702535986
1577516.0;5138933.647300001;0.4752577668987199;0.09290460213273072;0.05343934172369788;0.9505155337974398
1576077.0;5142131.745900002;0.474080498377358;0.09373204874977359;0.05347259848389001;0.948160996754716
1576023.0;5350509.2886000015;0.46264249873548563;0.09376309956097603;0.0556394991438626;0.9252849974709713
1574637.0;5119717.0909;0.47304313176390733;0.09456007038183872;0.05323951035892594;0.9460862635278147
1574282.0;5120404.215700001;0.47279938229392326;0.09476420071474367;0.053246655712323024;0.9455987645878465
1573628.0;5160550.577200003;0.4707602130240354;0.09514026053930659;0.053664134371984036;0.9415204260480708
1572622.0;5270040.491500003;0.46443115746486363;0.09571872565170765;0.054802710844682856;0.9288623149297273
1571882.0;5214626.406299999;0.46932012149062585;0.09614423676818556;0.054226464401636254;0.9386402429812517
1571772.0;5115831.480699999;0.47559105136810775;0.09620748842063499;0.05319910422303586;0.9511821027362155
1570751.0;5145573.0649999995;0.4687897424788058;0.09679457875837007;0.05350838447374447;0.9375794849576116
1570734.0;5111842.397000002;0.4674523542097373;0.09680435401374861;0.05315762207486284;0.9349047084194746
1569460.0;5100310.116900003;0.48135710521643005;0.09753692315211734;0.05303769885743795;0.9627142104328601
1569132.0;5077782.888800002;0.47199312494323986;0.09772552807942107;0.05280344009421065;0.9439862498864797
1569066.0;4917927.941100002;0.47742916632154037;0.09776347907089072;0.05114112184636708;0.9548583326430807
1568728.0;5029493.360700002;0.47655432194774044;0.09795783414841713;0.05230128132530578;0.9531086438954809
1568486.0;7301530.903100004;0.41255205690250457;0.09809698778380585;0.07592800993682941;0.8251041138050091
1568292.0;7723219.980900003;0.3961229623858462;0.09820854069812573;0.08031311943158713;0.7922459247716924
1567786.0;4901717.394200002;0.47836009464993245;0.09849949829939307;0.0509725497232823;0.9567201892998649
1566943.0;4951319.089199999;0.47227509393113454;0.09898423596316454;0.05148835360616999;0.9445501878622691
1564942.0;4845393.057000002;0.4806528997078739;0.10013484102272172;0.05038683764572454;0.9613057994157478
1562434.0;5099137.170500003;0.4683441907102149;0.1015769786985685;0.053025501485805;0.9366883814204298
1561234.0;7570023.838700004;0.4039478625483895;0.10226699672528945;0.07872004554590284;0.807895725096779
1558707.0;4792565.3749;0.47971878292950215;0.10372005968655931;0.04983748699246282;0.9594375658590043
1557049.0;4879440.877399999;0.47800701964207043;0.10467343459347875;0.05074089808592082;0.9560140392841409
1556698.0;4781103.1283;0.4777800502738847;0.10487526486629463;0.049718292047554256;0.9555601005477694
1556160.0;4700384.547699999;0.4828033727878838;0.10518462294827452;0.04887890627062335;0.9656067455757676
1555534.0;4823419.240600003;0.47609866372862575;0.10554458235221395;0.05015833376453699;0.9521973274572515
1555508.0;4827795.062399999;0.47472594230124415;0.10555953274279291;0.05020383756990619;0.9494518846024883
1554992.0;4730016.9082;0.4788179495788263;0.10585624049428291;0.049187050712159654;0.9576358991576526
1552773.0;5085184.5549;0.4717994999742036;0.1071321988286944;0.052880409401695354;0.9435989999484072
1548906.0;4552591.219799999;0.4839046774480789;0.10935578191980265;0.04734201579952722;0.9678093548961578
1548368.0;4416324.461800001;0.48843193782320987;0.10966514000178254;0.04592498916596321;0.9768638756464197
1547145.0;4554463.0944;0.48040909128292275;0.11036838337401565;0.04736148126712786;0.9608181825658455
1546078.0;4697705.415799995;0.4789536978097166;0.11098192440277502;0.04885104620179323;0.9579073956194332
1545939.0;4704411.400499998;0.47677623283929993;0.1110618514908702;0.04892078117651228;0.9535524656785999
1541653.0;4505980.386699998;0.4829124945802968;0.11352636587630852;0.04685731363969959;0.9658249891605936
1535986.0;4537317.045700001;0.48265941671748447;0.1167849760074982;0.0471831809389709;0.9653188334349689
1535225.0;8004389.568200002;0.3920609472526825;0.11722256243944373;0.08323697848276017;0.784121894505365
1534662.0;4546468.391199997;0.4820843910854583;0.1175462958969803;0.04727834501637884;0.9641687821709166
1534657.0;6693107.4241999965;0.4314513587270377;0.11754917097209165;0.06960106500366388;0.8629027174540754
1533914.0;4617120.987199998;0.47916965286648766;0.11797640713363637;0.04801305546030414;0.9583393057329753
1533308.0;9270757.083000006;0.3519905702079332;0.11832486623713044;0.09640582848469458;0.7039811404158663
1531496.0;4074150.2753999988;0.49035067920853154;0.11936679345747908;0.042366748384694265;0.9807013584170631
1531045.0;9447475.927800005;0.34664008298601784;0.1196261252325217;0.0982435129897759;0.6932801659720357
1530753.0;4444515.199899997;0.4829787540391793;0.1197940296190238;0.04621814229658603;0.9659575080783586
1530344.0;4307564.912599998;0.48602742675845867;0.12002921076313118;0.0447940076989291;0.9720548535169173
1529822.0;4444213.607899999;0.4857835728826961;0.1203293686047548;0.04621500606657118;0.9715671457653922
1528813.0;4438360.221500001;0.4827156290868723;0.12090955876222266;0.04615413719035311;0.9654312581737446
1527829.0;4360770.414899995;0.4843146862814458;0.12147537354413385;0.045347287272889815;0.9686293725628916
1527829.0;9708377.5785;0.342141290805082;0.12147537354413385;0.10095660746130294;0.684282581610164
1527564.0;9604859.398499995;0.3328945990279551;0.12162775252503472;0.0998801305547482;0.6657891980559102
1524522.0;8846052.826400006;0.36100874630814894;0.12337694822277231;0.09198936439746494;0.7220174926162979
1523563.0;8855457.845600005;0.3514990300909777;0.12392838762912681;0.09208716640648888;0.7029980601819554
1523265.0;4188153.0179999988;0.48959712132883354;0.12409974210576251;0.04355225338191116;0.9791942426576671
1521694.0;3902986.2812999994;0.49398485396912;0.1250030907057447;0.04058682830802454;0.98796970793824
1520181.0;7695289.8182;0.383481685769463;0.12587308843443534;0.08002267600278198;0.766963371538926
1519648.0;4120748.3599999975;0.4901174147338602;0.1261795714413039;0.04285131797393531;0.9802348294677204
1519321.0;4220378.0492;0.4883335881479012;0.12636760135358535;0.04388735878948117;0.9766671762958024
1518985.0;8406271.8512;0.3741002684137136;0.12656080640106723;0.0874161187729292;0.7482005368274272
1518680.0;4278406.461499998;0.4871668540252571;0.1267361859828588;0.044490791401655974;0.9743337080505142
1515270.0;4264763.386199999;0.4878951507138422;0.12869698720879083;0.04434891820126898;0.9757903014276844
1511961.0;3804682.4010000015;0.49567650925732515;0.13059971191747385;0.039564574468479996;0.9913530185146503
1511074.0;3954070.3389999983;0.4927645324827635;0.13110975024222507;0.04111804715680217;0.985529064965527
1509957.0;3837471.706200001;0.4925305434307983;0.13175204202209784;0.03990554771424004;0.9850610868615965
1508005.0;3725943.734;0.49857980434371474;0.1328744713455639;0.0387457776476858;0.9971596086874295
1507997.0;9916401.145499991;0.32643540022034623;0.13287907146574204;0.10311982715754008;0.6528708004406925
1505827.0;4057174.6832;0.49042025079655643;0.1341268540640624;0.042190220619441936;0.9808405015931129
1505751.0;3679353.3910999997;0.4981506994254831;0.13417055520575474;0.038261288563736354;0.9963013988509662
1505115.0;9100835.537300007;0.3460490024864344;0.13453626475991684;0.09463882852515004;0.6920980049728688
1504834.0;4015080.9223999972;0.4899069547008431;0.13469784398117401;0.04175249111713385;0.9798139094016862
1504389.0;7592973.677299998;0.3923597578167422;0.13495372566608302;0.07895869900041731;0.7847195156334844
1503692.0;8400258.785699997;0.3759086561459277;0.13535451113660343;0.08735358940708879;0.7518173122918554
1503549.0;3729516.220300001;0.49810596779426225;0.1354367382847877;0.038782927634296215;0.9962119355885245
1503495.0;8489567.174599998;0.35779951425393325;0.13546778909599014;0.0882822998829922;0.7155990285078665
1503128.0;3784685.6886999994;0.49794399217006585;0.13567881960916228;0.03935663032767332;0.9958879843401317
1502659.0;3641926.3651999994;0.4991067108851479;0.13594850165460573;0.03787208804782336;0.9982134217702958
1502489.0;3368706.3238999993;0.4990205295381553;0.1360462542083912;0.03503089566144865;0.9980410590763106
1501674.0;3672501.4734000005;0.4983125099875271;0.13651489145153917;0.03819003604394068;0.9966250199750541
1501510.0;6103849.8298;0.4446429379364627;0.13660919391519102;0.06347342450241511;0.8892858758729254
1501452.0;8186024.7103999965;0.3718260266865224;0.13664254478648255;0.08512578715382711;0.7436520533730449
1500044.0;3714267.2685999987;0.4978737539102527;0.13745216593783513;0.03862435505937053;0.9957475078205054
1499600.0;3994058.8195999996;0.4897545539253393;0.13770747260772187;0.04153388402617247;0.9795091078506786
1499034.0;3651491.229999999;0.49863704731358105;0.13803293111032525;0.0379715522778892;0.9972740946271621
1498906.0;3818704.987099999;0.4931952011111968;0.1381065330331755;0.039710394169974184;0.9863904022223936
1498640.0;3535990.5527000003;0.4990030008159084;0.13825948702909863;0.03677047038285518;0.9980060016318169
1498114.0;3638762.1321;0.4985347249588104;0.1385619449308113;0.03783918345213683;0.9970694499176208
1497954.0;3364518.5372999995;0.49903513597435634;0.1386539473343741;0.03498734721841692;0.9980702719487127
1497518.0;7197286.7181;0.39961612936115043;0.1389046538840827;0.07484398336492563;0.7992322587223009
1497286.0;3600964.284900001;0.4989233138813185;0.13903805736924876;0.03744612679650126;0.997846627762637
1497250.0;8159246.840100002;0.3816301953337011;0.1390587579100504;0.08484732631743432;0.7632603906674023
1495432.0;3532599.5827999995;0.4989526650822459;0.14010413522053264;0.03673520797012562;0.9979053301644918
1495354.0;3598945.5064;0.4988213915006581;0.1401489863922695;0.03742513368751595;0.9976427830013161
1495017.0;3648134.7891999995;0.4985039011526228;0.14034276645477364;0.03793664893038621;0.9970078023052455
1494752.0;6076722.354600001;0.4446456130470912;0.1404951454356745;0.06319132815387098;0.8892912260941824
1494659.0;3519991.2183;0.4981152681813006;0.14054862183274539;0.036604094640914527;0.9962305363626012
1493849.0;3488030.7192;0.49831337204964027;0.14101438400078203;0.036271740080555066;0.9966267440992805
1493642.0;1.1904501443299994E7;0.17001226041135065;0.14113341211039138;0.12379391608082085;0.3400245208227013
1493615.0;9369502.970499998;0.32678143224066897;0.1411489375159926;0.09743267872018932;0.6535628644813379
1493170.0;3478180.2602;0.49843584519519263;0.14140481920090162;0.03616930598026018;0.9968716903903853
1492812.0;1.1761481615499998E7;0.17593698137445965;0.14161067457887339;0.12230666483851614;0.3518739627489193
1492806.0;8070976.231999997;0.3825911073557256;0.14161412466900697;0.0839294076373803;0.7651822147114512
1492385.0;8465000.527799997;0.3620296347706808;0.14185620599338158;0.08802683337506396;0.7240592695413616
1491831.0;3337604.9602000006;0.4984825156163461;0.14217476431571774;0.03470747517834698;0.9969650312326922
1491360.0;3327629.8642;0.49872210827455965;0.14244559639120571;0.03460374498830049;0.9974442165491193
1490399.0;3628195.7022000016;0.49803677876125413;0.14299818582760473;0.037729304030260626;0.9960735575225083
1489840.0;9339956.27740001;0.33290390714793555;0.14331961922505226;0.09712542512678964;0.6658078142958711
1489571.0;3553353.625700001;0.49758106387214496;0.1434742982660422;0.036951027528579;0.9951621277442899
1489325.0;7890076.785199999;0.3735005756306076;0.14361575196152;0.08204824940132249;0.7470011512612152
1488436.0;3436464.5900999987;0.4982781934055297;0.14412694031631576;0.035735508211558055;0.9965563868110594
1488268.0;3374427.2219;0.49838267977023687;0.1442235428400567;0.035090386801862404;0.9967653595404737
1488112.0;3107686.993599999;0.49853843381935936;0.14431324518353042;0.03231657744959139;0.9970768676387187
1487913.0;3403494.8088999996;0.4983673241927741;0.14442767317296165;0.035392658210949855;0.9967346483855481
1487612.0;3459095.594599996;0.49821920500106603;0.14460075269466416;0.03597084613690008;0.9964384100021321
1487183.0;8396971.0674;0.36542677739582186;0.14484743413921689;0.08731940069912265;0.7308535547916437
1486958.0;3388569.2368000005;0.498339887193917;0.14497681251922706;0.035237448433471485;0.996679774387834
1486857.0;9224504.168499995;0.3267916070005737;0.14503488903647607;0.09592484829048994;0.6535832140011474
1486434.0;3214760.4167999984;0.498535239897533;0.14527812039089522;0.033430025033199945;0.997070479795066
1485488.0;3183902.4197999993;0.4982267512494512;0.14582208460196022;0.03310913530008222;0.9964535024989024
1484977.0;8685979.378600003;0.3440265693026098;0.1461159172783389;0.09032477398533358;0.6880531386052195
1484947.0;8183128.6101;0.3723402655833298;0.14613316772900692;0.08509567084872967;0.7446805311666596
1484938.0;3270138.4601;0.49778455978356556;0.14613834286420732;0.034005896679539134;0.9955691195671311
1483088.0;3704338.6391;0.4975472442437421;0.1472021206554021;0.038521108070576036;0.9950944884874842
1482939.0;3204502.6370999995;0.497749456183714;0.14728779789371998;0.033323355238970814;0.995498912367428
1482048.0;3286186.7013999987;0.4976494105007031;0.14780013627856028;0.034172781000247496;0.9952988210014062
1481847.0;7461019.1798000075;0.38910781164842884;0.14791571429803604;0.07758651520357344;0.7782156232968577
1481692.0;3093567.762099999;0.4974323561763058;0.1480048416264875;0.03216975274065573;0.9948647123526116
1481369.0;1.22716770921E7;0.16162711458387408;0.14819057147867987;0.12761214498112067;0.32325422916774815
1481366.0;7735745.330399998;0.37882270143445257;0.14819229652374669;0.08044336949474774;0.7576454028689051
1481364.0;9602192.052899998;0.30815644764288325;0.1481934465537912;0.0998523930506673;0.6163128952857665
1481262.0;8320901.504999999;0.36422710467878333;0.1482520980860625;0.08652835967410348;0.7284542093575667
1480771.0;2941774.5782999997;0.49823669950894023;0.14853443046199583;0.030591268102178607;0.9964733990178805
1480223.0;3082745.4503999986;0.4978702805088034;0.1488495386941984;0.032057212425316076;0.9957405610176068
1479691.0;6166704.691699999;0.4358625029306291;0.14915544668604466;0.06412704696080872;0.8717250058612582
1478668.0;8240805.248900001;0.35596865856342724;0.1497436870538243;0.08569544539766298;0.7119373171268545
1478662.0;8426057.205100002;0.3466945125227364;0.14974713714395788;0.08762186501538984;0.6933890250454728
1478071.0;7023623.152199995;0.41665543625925283;0.15008697102211796;0.07303807044990633;0.8333108725185057
1476299.0;7606530.8138999995;0.3790052207855773;0.1511058976415759;0.0790996785314418;0.7580104415711546
1476004.0;2992932.7099;0.49812797882950915;0.1512755270731448;0.031123257239254683;0.9962559576590183
1475857.0;3569922.717300001;0.49740566103381834;0.1513600542814181;0.03712332812804847;0.9948113220676367
1475297.0;7483044.2983;0.36986404832618236;0.15168206269388787;0.07781555257101336;0.7397280966523647
1475072.0;3082699.5226999996;0.4978284946994573;0.15181144107389805;0.0320567348270003;0.9956569893989146
1474745.0;3091529.7565000006;0.4973792625615837;0.15199947098617952;0.032148559690663665;0.9947585251231674
1474693.0;9012088.365600007;0.34147798095196213;0.1520293717673374;0.09371595410002882;0.6829559619039243
1474425.0;3427181.594799999;0.49722369074835787;0.1521834757933051;0.035638975118877085;0.9944473814967157
1474241.0;2934178.0549999992;0.4975964051348788;0.15228927855740232;0.030512272490948244;0.9951928102697576
1474096.0;3360765.2619;0.49652374743359073;0.15237265573563108;0.03494831722105762;0.9930474948671815
1473193.0;2928657.4855000004;0.4970911896262042;0.1528918943007386;0.030454864549871816;0.9941823792524084
1472808.0;2799026.292999998;0.49739157067893275;0.15311327508431158;0.029106840607648368;0.9947831413578655
1472678.0;2856533.7911999994;0.4972969233339284;0.15318802703720635;0.029704856277611227;0.9945938466678568
1472588.0;2822066.1513000005;0.497127143618897;0.1532397783892104;0.029346430169503536;0.994254287237794
1472346.0;9344986.059700007;0.32136856256862134;0.15337893202459915;0.09717772941277056;0.6427371251372427
1472294.0;2720455.1089000003;0.49684501655194535;0.15340883280575704;0.028289785427540834;0.9936900331038907
1471596.0;8735678.907300003;0.3321158981125154;0.15381019329129975;0.09084159523269515;0.6642317962250308
1470985.0;7186323.090100004;0.40886564306598466;0.15416152746990516;0.07472997351318701;0.8177312861319693
1470945.0;3333093.5242000017;0.496688401041196;0.15418452807079586;0.03466056113224031;0.993376802082392
1470331.0;3134495.6922999993;0.4966706073231213;0.15453758729446807;0.032595358867940634;0.9933412146462426
1470155.0;2910134.4208000004;0.4968131298455669;0.15463878993838714;0.030262244747358207;0.9936262596911338
1469925.0;3002471.388899999;0.49605529218858435;0.15477104339350867;0.031222449165373718;0.9921105843771687
1469782.0;2760922.284399999;0.49661820806691503;0.1548532705416929;0.028710600205189007;0.9932364161338301
1469386.0;7092656.214699999;0.40795373194217294;0.1550809764905108;0.07375593950025093;0.8159074638843459
1467524.0;2929047.7698999997;0.4965810875411467;0.15615165446197282;0.030458923084745477;0.9931621750822934
1467151.0;2870005.5132000004;0.49648903623057034;0.15636613506527858;0.02984494758934532;0.9929780724611407
1466966.0;2791297.348700001;0.49645649869512043;0.15647251284439806;0.02902646796150066;0.9929129973902409
1466493.0;9491275.263600001;0.3177518357570508;0.15674449494993056;0.09869897862403579;0.6355036715141016
1466171.0;2586323.7134999996;0.4964809711983549;0.1569296497871007;0.02689496425127928;0.9929619423967098
1465725.0;2994715.0914999996;0.49637822940639226;0.15718610648703196;0.031141792076623997;0.9927564588127845
1465652.0;9757159.574399998;0.3025422163526969;0.1572280825836575;0.1014638873617223;0.6050844327053938
1465463.0;2716980.0636;0.4961581678517084;0.15733676042286604;0.028253648721749815;0.9923163357034168
1464855.0;2764911.888299999;0.49598141619113284;0.15768636955640467;0.0287520877628784;0.9919628323822657
1464729.0;5949152.612500001;0.4451901328197655;0.15775882144921036;0.0618647410621564;0.890380265639531
1464215.0;2888448.3530999995;0.49575683055039926;0.15805437917065585;0.0300367331408652;0.9915136611007985
1463985.0;6329776.850799994;0.42684591969023666;0.15818663262577734;0.065822820721255;0.8536918393804733
1463866.0;6829052.782300004;0.42009671097463747;0.15825505941342718;0.07101474942651563;0.8401934219492749
1463705.0;8423048.673300002;0.35130456788574765;0.15834763683201222;0.08759057954451568;0.7026091357714953
1463090.0;2601762.3822000003;0.4959207242053474;0.15870127107070672;0.027055509677440165;0.9918414484106948
1462884.0;7068859.898900004;0.410470186168912;0.15881972416529383;0.07350848360004308;0.820940372337824
1462656.0;2520030.1177000003;0.49598836613927677;0.1589508275903708;0.026205582686310017;0.9919767322785535
1462394.0;2628708.3614999996;0.4957366741202613;0.15910148152620487;0.027335718665281235;0.9914733482405226
1461800.0;2993396.114799999;0.49525085320427964;0.15944304044943175;0.031128076148099808;0.9905017064085593
1461492.0;2577891.4702000003;0.49570628132660416;0.15962014507629013;0.026807278057579778;0.9914125626532083
1461237.0;2664203.7739000004;0.4954974966690241;0.1597667739069683;0.02770483249376272;0.9909949933380482
1460752.0;6937898.068099993;0.41805967739644545;0.16004565619276803;0.0721466224612911;0.8361193547928909
1460586.0;3147984.8009999995;0.49501652213986475;0.16014110868646445;0.03273563098251564;0.9900330442797295
1460358.0;2471596.3096000007;0.49507403517828624;0.1602722121115414;0.0257019235617374;0.9901480703565725
1459383.0;1.134670997219999E7;0.22046996939540184;0.16083285175825218;0.11799348916728433;0.4409399387908037
1458162.0;6952723.396200002;0.4097527162451214;0.16153494510044075;0.07230078980978734;0.8195054324902428
1458148.0;2456199.3869;0.495367767267476;0.1615429953107525;0.02554181224874331;0.990735534534952
1458084.0;2633793.7234;0.4945218266944614;0.1615797962721776;0.027388600918879815;0.9890436533889227
1457988.0;8195684.569399999;0.3629954121472951;0.16163499771431528;0.08522623922064357;0.7259908242945902
1457309.0;7117646.659900003;0.3924122305714784;0.16202543291443489;0.07401581305233931;0.7848244611429568
1456977.0;6769531.1875;0.4214024526746375;0.16221633790182768;0.07039578933425446;0.842804905349275
1456804.0;7099005.189899999;0.4013368054261865;0.16231581550067994;0.0738219619630018;0.802673610852373
1454955.0;2441006.708;0.4950998787567956;0.16337901827685247;0.025383824849964175;0.9901997575135912
1454623.0;2447103.4719000007;0.49497185353079853;0.16356992326424527;0.02544722458847452;0.9899437070615971
1454339.0;2682275.6415;0.49448337375678664;0.16373322753056924;0.027892760335323626;0.9889667475135733
1454166.0;6783414.088299999;0.41619810833106546;0.1638327051294215;0.0705401564599824;0.8323962166621309
1454098.0;5770035.753700001;0.4516676713059474;0.1638718061509357;0.06000211980980425;0.9033353426118949
1453972.0;6901880.378900003;0.3933197571728349;0.16394425804374138;0.07177207751999427;0.7866395143456698
1453872.0;7981126.4931;0.358029881579277;0.16400175954596813;0.08299506770804793;0.716059763158554
1453414.0;2595539.5529999994;0.4939174977275075;0.16426511642616665;0.026990798996405826;0.987834995455015
1453174.0;2408580.7387;0.49452842911423284;0.16440312003151084;0.0250466299038774;0.9890568582284657
1452706.0;2286641.9665000006;0.4939472921784731;0.164672227061932;0.0237785987977767;0.9878945843569462
1451956.0;6554000.674399998;0.42649584699463244;0.16510348832863259;0.06815450553260693;0.8529916939892649
1451311.0;9353959.88809999;0.3198129396698947;0.16547437301799509;0.09727104750468414;0.6396258793397894
1450938.0;2491769.849699999;0.4939155810181023;0.16568885362130087;0.025911706520065136;0.9878311620362046
1449690.0;2262332.4342999994;0.49422325081700474;0.16640647236909065;0.023525806003096107;0.9884465016340095
1449319.0;7983718.767599996;0.3503342869622107;0.16661980294235187;0.0830220245540309;0.7006685739244214
1449261.0;2680521.0293;0.4933839534206609;0.16665315381364337;0.02787451426962522;0.9867679068413218
1448172.0;2488556.7623;0.49338379614304356;0.16727934517289264;0.025878293892593895;0.9867675922860871
1448154.0;5850371.1472;0.44185142663089344;0.16728969544329345;0.0608375208560913;0.8837028532617869
1447502.0;2437929.7324;0.493255498995014;0.16766460523781185;0.02535182763773119;0.986510997990028
1447301.0;6553135.499399996;0.41810161406352736;0.1677801832572876;0.06814550865005325;0.8362032281270547
1447258.0;2352022.0996000003;0.4937548185031967;0.1678049089032451;0.02445848134043366;0.9875096370063934
1447242.0;2246557.0582;0.4930833722559224;0.16781410914360137;0.023361759184809077;0.9861667445118448
1446855.0;9160856.539599989;0.32245863910339645;0.16803663995721888;0.09526298191428609;0.6449172782067929
1446006.0;6193173.325300002;0.4289407002025541;0.16852482771112395;0.06440229207059002;0.8578814004051082
1445985.0;8217190.3384;0.34691327563160124;0.16853690302659158;0.0854498759160163;0.6938265512632025
1445446.0;2774931.1971999994;0.49270566166478036;0.16884683612359372;0.028856277719178713;0.9854113233295607
1445346.0;1.2964639043100001E7;0.12901125824224308;0.16890433762582047;0.13481819842383552;0.25802251648448615
1444967.0;2193582.3869;0.49363762880029766;0.16912226831925983;0.022810880003135144;0.9872752576005953
1444852.0;2142917.7293999987;0.49323159536977895;0.1691883950468206;0.022284022462003204;0.9864631907395579
1444785.0;2228324.9806999997;0.4922555119062708;0.16922692105331252;0.023172165333881004;0.9845110238125416
1444120.0;5214160.228000003;0.46305728870119695;0.16960930604312038;0.05422161665243623;0.9261145774023939
1443638.0;1.0842561177499996E7;0.2559157687280398;0.1698864632838533;0.11275088796465578;0.5118315374560796
1443319.0;2212234.281099999;0.4928109644009045;0.1700698930759566;0.023004839492857625;0.985621928801809
1443079.0;8643005.993599998;0.33523361763154924;0.1702078966813008;0.08987789734444798;0.6704672352630985
1442142.0;2084014.1771000004;0.4923328026909273;0.1707466857571654;0.021671489342072154;0.9846656053818545
1442058.0;6787373.418699995;0.4139485493070038;0.17079498701903587;0.07058132920607411;0.8278970986140076
1441312.0;7736277.208299998;0.36367180326672194;0.1712239482256474;0.08044890044860006;0.7273436065334439
1439866.0;2212132.6985000004;0.4913869011158009;0.17205541994784615;0.02300378314388582;0.9827738022316018
1439795.0;8887707.542599997;0.33162271165364154;0.17209624601442713;0.09242252831165257;0.6632454233072831
1439433.0;5838555.973299994;0.43562976757603306;0.17230440145248796;0.06071465584967133;0.8712595351520661
1438480.0;2179386.9603999997;0.49214534933682486;0.17285239076870884;0.02266326294875934;0.9842906986736497
1437310.0;6069823.761199999;0.42943192773112177;0.17352515834476176;0.06311959025736996;0.8588638554622435
1436502.0;6304165.462399997;0.41862522228698795;0.17398977048275385;0.06555649003269963;0.8372504445739759
1435847.0;2209080.5978999995;0.4917876008204927;0.17436640532233905;0.022972044604699923;0.9835752016409854
1435755.0;2058216.5459999994;0.49094676508329055;0.17441930670438766;0.021403221931236994;0.9818935301665811
1434533.0;2047878.3445000004;0.4903931783122555;0.1751219750615985;0.0212957158374276;0.980786356624511
1434068.0;8266430.388799993;0.3442815293326169;0.17538935704695285;0.08596191908691808;0.6885630586652338
1433742.0;5738896.5063;0.4471670406080865;0.17557681194421204;0.059678305377270806;0.894334081216173
1433631.0;1.0334317021600006E7;0.3006298542162005;0.17564063861168372;0.10746569944300947;0.601259708432401
1433587.0;5055785.617400002;0.4674019680132637;0.1756659392726635;0.052574692306437375;0.9348039360265274
1432285.0;1.0641576426400004E7;0.2669330728832037;0.17641460883165572;0.11066086432698381;0.5338661457664075
1431977.0;5174718.7273;0.46427063003921004;0.1765917134585141;0.05381146778135471;0.9285412600784201
1431834.0;6779490.4952000035;0.4100727806795555;0.17667394060669836;0.07049935534308814;0.820145561359111
1431014.0;1946211.3901999998;0.4902140020490076;0.17714545292495767;0.02023848967228732;0.9804280040980152
1430106.0;8081344.393300002;0.3446395881152763;0.17766756656517652;0.0840372252806473;0.6892791762305526
1429984.0;5991547.414799997;0.4307975337404815;0.17773771839789315;0.06230560106987578;0.861595067480963
1429860.0;9972673.5759;0.2888033636144838;0.17780902026065432;0.1037049994606207;0.5776067272289676
1428980.0;1920806.6264999993;0.4915164467079648;0.17831503348024969;0.01997430765672707;0.9830328934159296
1428968.0;4880795.714300002;0.47017978918209985;0.17832193366051688;0.0507549869216693;0.9403595783641997
1428627.0;1912252.4697000002;0.48953459897742396;0.17851801378311008;0.019885353694724967;0.9790691979548479
1427211.0;6659318.998499995;0.41672857323922885;0.1793322350546408;0.06924970198728463;0.8334571464784577
1426032.0;5538474.1757999975;0.4468643795385404;0.18001017776589415;0.05759413030443701;0.8937287590770808
1425471.0;1.1760596662999999E7;0.18902290573753613;0.18033276119338618;0.12229746229139207;0.37804581147507227
1425269.0;9348896.849300005;0.3160019053579743;0.1804489142278842;0.09721839738713788;0.6320038107159486
1424913.0;6538838.157299994;0.411236121823192;0.1806536195758114;0.06799683178386641;0.822472243646384
1424783.0;5294425.969099999;0.4559522561506056;0.1807283715287062;0.05505629338923399;0.9119045123012112
1421638.0;7111599.744899999;0.38079694477316417;0.18253679377373733;0.07395293168837597;0.7615938895463283
1421312.0;6833129.1877999995;0.3945525044610761;0.18272424867099654;0.07105713962679251;0.7891050089221522
1421304.0;7256521.769599998;0.3745926968088718;0.18272884879117468;0.0754599637173461;0.7491853936177436
1420405.0;1904904.5829999996;0.49018933997537006;0.18324578729619312;0.019808943634728446;0.9803786799507401
1420177.0;5212496.731699998;0.46206090464048144;0.18337689072127009;0.05420431809337062;0.9241218092809629
1420039.0;2379865.696999999;0.4893369948548769;0.183456242794343;0.02474802458391519;0.9786739897097538
1419016.0;1871507.6504999998;0.48843229374960645;0.1840444831621226;0.0194616517234331;0.9768645874992129
1418389.0;1668631.8078999997;0.4875061482653388;0.1844050175810843;0.017351962783222576;0.9750122965306776
1416846.0;7298749.787500001;0.374530546137778;0.185292265760443;0.07589908934802209;0.749061092275556
1416111.0;7800389.633999999;0.3507850983822176;0.18571490180180958;0.08111560020790083;0.7015701967644352
1416055.0;9138642.488499997;0.3215947727268324;0.18574710264305655;0.09503197985252103;0.6431895454536648
1416027.0;5607536.101499997;0.4435881415755732;0.18576320306368005;0.058312299500787305;0.8871762831511464
1415998.0;5788712.196399996;0.4394327426705023;0.18577987849932578;0.06019633457732756;0.8788654853410046
1415126.0;5522578.1243;0.45335660254092425;0.18628129159874302;0.057428828592745874;0.9067132050818485
1414231.0;1688921.8856000004;0.4864849221797781;0.1867959300436724;0.01756295760631791;0.9729698443595562
1414000.0;1523358.8746999996;0.48614989769128186;0.18692875851381618;0.01584128168607364;0.9722997953825637
1413601.0;5359044.523199998;0.45459843687678564;0.18715818950770088;0.05572825633548751;0.9091968737535713
1412685.0;5103447.6060999995;0.4655170367555215;0.1876849032680979;0.053070325345542374;0.931034073511043
1411414.0;5427265.280600001;0.45327573260985043;0.18841574736139982;0.05643767829295211;0.9065514652197009
1410645.0;6238046.787399997;0.42624220666398066;0.18885793391352348;0.06486892745451776;0.8524844133279613
1410464.0;6753132.0481999945;0.40961007872379224;0.1889620116325539;0.07022525605455587;0.8192201574475845
1410088.0;5738046.5585;0.44067408328230767;0.18917821728092646;0.05966946684109797;0.8813481665646153
1407697.0;9247004.842900008;0.29883457601497593;0.19055307819916795;0.0961588309240092;0.5976691520299519
1407628.0;5293711.070400002;0.46176234163071556;0.1905927542357044;0.05504885921737091;0.9235246832614311
1407562.0;9019176.328900011;0.3239738926672216;0.19063070522717407;0.09378966123830118;0.6479477853344432
1407031.0;5203487.628400001;0.4632561139732277;0.19093603820399807;0.05411063318071844;0.9265122279464554
1406263.0;1689254.3395999996;0.48554138651967427;0.1913776497410995;0.017566414767692762;0.9710827730393485
1404183.0;1461740.0231999995;0.48503375971328083;0.19257368098741579;0.015200512396580991;0.9700675194265617
1403636.0;1400328.1475999993;0.487039999937658;0.1928882142045961;0.01456189543218296;0.974079999875316
1403225.0;1425293.7346999994;0.4863871090066945;0.193124545378748;0.014821510486965893;0.972774218013389
1402976.0;1388301.3776000005;0.48608841355097543;0.1932677241192926;0.014436830055594582;0.9721768271019509
1402970.0;1427166.9320999999;0.4852333959680292;0.19327117420942622;0.01484098971025323;0.9704667919360584
1402916.0;1329543.6554999999;0.4855041334971904;0.19330222502062866;0.01382581341173156;0.9710082669943808
1402824.0;4701106.955399999;0.47027455595979556;0.19335512640267727;0.0488864185279502;0.9405491119195911
1402805.0;1434483.5686;0.48380254324086774;0.19336605168810037;0.014917074802030398;0.9676050864817355
1402793.0;1341789.8695;0.4841466364779539;0.19337295186836756;0.013953160768144963;0.9682932729559078
1402599.0;4764125.477199999;0.4687959706366966;0.19348450478268744;0.049541742871972785;0.9375919412733932
1402472.0;0.0;0.44944355092493515;0.19355753169051543;0.0;0.8988871018498703
1402169.0;1.1116987595399993E7;0.22846538560754528;0.19373176124226246;0.11560462536052064;0.45693077121509057
1401829.0;9670152.288000004;0.2969677422398313;0.1939272663498334;0.10055910585849666;0.5939354844796626
1401760.0;8625367.893700002;0.3418118426680177;0.19396694238636986;0.08969448021696516;0.6836236853360353
1400986.0;6003768.8397;0.42582349099370426;0.19441200401360487;0.062432690646509054;0.8516469819874085
1400963.0;1.109132909209999E7;0.23737765306720773;0.19442522935911702;0.1153378047280558;0.47475530613441547
1400294.0;8159364.9424;0.34026355224715255;0.19480991440901393;0.08484855445338646;0.6805271044943051
1400272.0;0.0;0.44844253931037675;0.19482256473950382;0.0;0.8968850786207535
1399278.0;9160887.134900006;0.3170221506594628;0.19539412967163766;0.09526330007225521;0.6340443013189256
1399035.0;0.0;0.4483028529854324;0.19553385832204867;0.0;0.8966057059708648
1398576.0;6473704.187699997;0.4167291303235605;0.19579779021726942;0.06731950907488302;0.833458260647121
1395986.0;1.1329649049099999E7;0.21927401623740528;0.19728707912494214;0.117816074053131;0.43854803247481056
1395516.0;5464184.988499999;0.44490390835667887;0.19755733618540786;0.05682160325136128;0.8898078167133577
1394930.0;0.0;0.4459757261330713;0.19789429498845656;0.0;0.8919514522661426
1394351.0;5609187.156299999;0.44119656626185383;0.19822722868634943;0.058329468681733665;0.8823931325237077
1392924.0;8745456.832099998;0.32294387509734;0.1990477751231251;0.09094327505590324;0.64588775019468
1391618.0;8608398.457800005;0.3392060634755171;0.19979874474220638;0.08951801647056229;0.6784121269510341
1391562.0;0.0;0.44547323905866537;0.19983094558345338;0.0;0.8909464781173307
1391102.0;1.0982604397799993E7;0.23431572360989444;0.2000954524936964;0.11420718571421529;0.4686314472197889
1389755.0;0.0;0.4447890579568102;0.20086999772869066;0.0;0.8895781159136203
1389396.0;0.0;0.4441898939345819;0.2010764281216847;0.0;0.8883797878691638
1389233.0;5780924.605099999;0.4394939223618678;0.20117015557031429;0.060115352065925866;0.8789878447237356
1388544.0;0.0;0.44305714254086376;0.20156634092065656;0.0;0.8861142850817275
1388117.0;0.0;0.4429798271676223;0.20181187233516476;0.0;0.8859596543352446
1387054.0;1.1484493613199994E7;0.2074218522157523;0.20242311330383506;0.11942628974045444;0.4148437044315046
1386130.0;6459479.4021000005;0.41730165103520717;0.2029544271844102;0.06717158671767882;0.8346033020704143
1386069.0;1.168421570579999E7;0.20441667044095727;0.20298950310076852;0.12150318309785958;0.40883334088191453
1382722.0;0.0;0.4411351379286241;0.20491407838029768;0.0;0.8822702758572482
1382186.0;0.0;0.4401413499264787;0.20522228643223303;0.0;0.8802826998529574
1381455.0;6367230.4869;0.4183590031234212;0.20564262241351056;0.06621229795441501;0.8367180062468424
1381025.0;1.2407642898900004E7;0.1558567754899358;0.20588987887308555;0.12902604204829554;0.3117135509798716
1377497.0;0.0;0.439885426024306;0.20791853187164513;0.0;0.879770852048612
1377425.0;8007759.129199999;0.34270433269183687;0.2079599329532484;0.08327201826612696;0.6854086653836737
1376606.0;6280685.653299998;0.41520007073644294;0.20843087025648546;0.06531232545922605;0.8304001414728859
1375401.0;8712374.368900005;0.3275150341036605;0.20912376335831773;0.09059925328458986;0.655030068207321
1374694.0;0.0;0.43812780414869806;0.20953029897906084;0.0;0.8762556082973961
1373931.0;1.0872268261399994E7;0.23848858512012341;0.2099690354410509;0.11305980944858672;0.47697717024024683
1373884.0;1.0476910268599998E7;0.27860014488081647;0.20999606114709746;0.10894851470720886;0.5572002897616329
1373053.0;0.0;0.4380728635025121;0.21047389863060173;0.0;0.8761457270050242
1371755.0;0.0;0.4361515140664304;0.2112202681295049;0.0;0.8723030281328608
1371349.0;7338264.3549999995;0.37283098079378146;0.21145372422854547;0.07630999803465321;0.7456619615875629
1370794.0;5939739.5606999975;0.43531879005059493;0.21177285756590392;0.061766855522796;0.8706375801011899
1368990.0;1.1569327250999995E7;0.20281616357384386;0.2128101846660744;0.12030846765346184;0.4056323271476877
1368812.0;1.0710797639299998E7;0.2539698411233177;0.212912537340038;0.11138068993762097;0.5079396822466354
1368743.0;1.0215843457700003E7;0.2862731217821298;0.21295221337657447;0.10623370274855848;0.5725462435642596
1367159.0;1.085943616959999E7;0.25311803005446926;0.21386303717184613;0.11292636959787165;0.5062360601089385
1366949.0;0.0;0.4347242244451753;0.2139837903265223;0.0;0.8694484488903506
1365854.0;0.0;0.43393671605102063;0.21461343177590514;0.0;0.8678734321020413
1365435.0;9460694.607899997;0.2715303579957971;0.2148543630702352;0.09838097293992935;0.5430607159915942
1363679.0;7104900.335999997;0.38954400561332936;0.21586408944933685;0.07388326509485182;0.7790880112266587
1363004.0;0.0;0.43321410004962996;0.2162522245893674;0.0;0.8664282000992599
1362972.0;0.0;0.4327468628709013;0.21627062507007996;0.0;0.8654937257418026
1359715.0;8499599.4152;0.3346275077703054;0.21814344899760507;0.08838662431496061;0.6692550155406108
1359703.0;7282098.528000005;0.3706630184345412;0.21815034917787227;0.07572593429142435;0.7413260368690824
1358060.0;0.0;0.431540495249671;0.21909509885945772;0.0;0.863080990499342
1357925.0;1.1572712331800004E7;0.1860153099817673;0.2191727258874638;0.12034366882593253;0.3720306199635346
1357890.0;0.0;0.43023244762095064;0.21919285141324318;0.0;0.8604648952419013
1354708.0;0.0;0.42932280179160043;0.22102254921409822;0.0;0.8586456035832009
1354118.0;7691970.324700002;0.3654932291194632;0.22136180807723602;0.07998815686716536;0.7309864582389264
1353137.0;0.0;0.42647645845650684;0.2219258978140804;0.0;0.8529529169130137
1352161.0;0.0;0.42634021249939524;0.22248711247581343;0.0;0.8526804249987905
1350277.0;8298887.8047;0.33734905843000396;0.2235704407777653;0.08629944104357148;0.6746981168600079
1347661.0;9217134.331100008;0.3098692296168391;0.225074680076017;0.09584820996699789;0.6197384592336782
1347200.0;0.0;0.4263203240873841;0.22533976200128228;0.0;0.8526406481747681
1347075.0;0.0;0.4262899515003349;0.2254116388790657;0.0;0.8525799030006698
1345572.0;0.0;0.42532400539456205;0.22627588645753371;0.0;0.8506480107891241
1344168.0;0.0;0.425292451927477;0.2270832075487972;0.0;0.850584903854954
1343627.0;0.0;0.4249571569319049;0.2273942906758439;0.0;0.8499143138638098
1343241.0;8896509.6422;0.2893511885754047;0.22761624647443915;0.09251406061012031;0.5787023771508094
1342036.0;6954642.414100001;0.390029325773406;0.22830913957627144;0.0723207455166266;0.780058651546812
1341250.0;0.0;0.4235909842316857;0.22876110138377365;0.0;0.8471819684633713
1340751.0;6794730.072000002;0.3937113655322356;0.22904803387988512;0.0706578304292118;0.7874227310644712
1339917.0;1.1266559031299986E7;0.2245624090996445;0.22952759640845616;0.11716000622817661;0.449124818199289
1339893.0;0.0;0.42327656837701594;0.2295413967689906;0.0;0.8465531367540319
1337901.0;9277200.176999997;0.27938112051932973;0.23068682669334736;0.09647282968098446;0.5587622410386595
1336193.0;0.0;0.42317392324420305;0.2316689523513802;0.0;0.8463478464884061
1335165.0;0.0;0.41912066251844254;0.23226006779427114;0.0;0.8382413250368851
1334623.0;7513361.6598999975;0.3642672206015453;0.2325717259363401;0.0781308202817678;0.7285344412030906
1333812.0;7083735.719200002;0.38915565903291177;0.23303806311939898;0.0736631760127092;0.7783113180658235
1330504.0;7790821.898799999;0.3496958063129166;0.23494021281305974;0.08101610612878515;0.6993916126258332
1329977.0;0.0;0.41766044771732513;0.2352432457297947;0.0;0.8353208954346503
1326150.0;0.0;0.4170235629636298;0.23744382822001225;0.0;0.8340471259272596
1325293.0;6668977.106900005;0.40304938611580415;0.23793661609409547;0.069350135849758;0.8060987722316083
1324167.0;8190274.969500001;0.34009244204812883;0.2385840830091686;0.08516998524316784;0.6801848840962577
1322379.0;8633804.3398;0.2856997946640323;0.23961220986898282;0.08978221011523077;0.5713995893280646
1322118.0;8446365.2376;0.32877156873870017;0.23976228878979464;0.08783304654895051;0.6575431374774003
1321679.0;0.0;0.4157834720380509;0.24001472038457006;0.0;0.8315669440761018
1321243.0;0.0;0.41350791272517984;0.24026542693427866;0.0;0.8270158254503597
1318795.0;0.0;0.41091202755460243;0.24167306370878938;0.0;0.8218240551092049
1317562.0;8010250.680200003;0.30768499307228314;0.24238205723124517;0.08329792769684731;0.6153699861445663
1315252.0;7496192.051699996;0.3621491670118334;0.24371034193268298;0.07795227496033832;0.7242983340236668
1313729.0;7482444.304799998;0.35444298322079354;0.24458608981159632;0.07780931328872658;0.7088859664415871
1313663.0;7788847.884600002;0.3149414869041069;0.244624040803066;0.08099557852001628;0.6298829738082138
1313124.0;7608148.312600002;0.33396859049315125;0.24493397390006813;0.07911649876530734;0.6679371809863025
1311049.0;1.0416564895900011E7;0.26230630967277074;0.24612713007127313;0.10832098821737904;0.5246126193455415
1310522.0;0.0;0.41011021952886273;0.24643016298800807;0.0;0.8202204390577255
1308056.0;0.0;0.4076634879735644;0.2478481500329196;0.0;0.8153269759471288
1305699.0;0.0;0.4074225420631104;0.249203460440404;0.0;0.8148450841262208
1305351.0;9107605.710900003;0.27932473399719115;0.24940356566815308;0.09470923099487817;0.5586494679943823
1305329.0;6409560.323699994;0.40583490510017933;0.24941621599864297;0.06665248239132669;0.8116698102003587
1304853.0;6452844.7099;0.39101811027259836;0.24968992314924227;0.06710259310771197;0.7820362205451967
1302856.0;0.0;0.40647264646444786;0.2508382281487104;0.0;0.8129452929288957
1301832.0;0.0;0.40386457693167704;0.25142704353151224;0.0;0.8077291538633541
1298457.0;7479422.589300004;0.36757715972072785;0.2533677192316649;0.07777789072165746;0.7351543194414557
1297497.0;6434693.047999993;0.39583032863290524;0.2539197336530417;0.06691383549189081;0.7916606572658105
1295727.0;7357542.371300002;0.3478274449846018;0.2549375102424551;0.07651046851579128;0.6956548899692035
1293711.0;7188341.197699993;0.36894778494587227;0.25609674052734627;0.07475095964553913;0.7378955698917445
1293281.0;9777916.172300007;0.26660611636036513;0.2563439969869213;0.10167973348940731;0.5332122327207303
1292619.0;0.0;0.40126483839010585;0.25672465693166235;0.0;0.8025296767802117
1292374.0;9991540.375900012;0.2630680149189688;0.2568655356121179;0.10390119373780561;0.5261360298379376
1291369.0;6919566.039499999;0.37869250631191725;0.2574434257094967;0.07195598922722349;0.7573850126238345
1287955.0;0.0;0.397641057423509;0.25940652699551775;0.0;0.795282114847018
1285291.0;0.0;0.3958511728034655;0.26093836701483825;0.0;0.791702345606931
1284637.0;7714444.0573;0.3218049435266126;0.2613144268394012;0.08022185933515681;0.6436098870532252
1281913.0;1.0806480797100013E7;0.24862555705985162;0.26288076776005775;0.11237569110280707;0.49725111411970324
1281114.0;6867467.9456999935;0.3863374606286122;0.2633402047628494;0.07141422550174815;0.7726749212572244
1280292.0;6914738.2298;0.3859214736694824;0.26381286711115326;0.0719057852374384;0.7718429473389647
1278831.0;1.0227201460200002E7;0.2548525344571233;0.26465296405868605;0.10635181366777904;0.5097050689142466
1277627.0;0.0;0.39438294172821475;0.2653452821454961;0.0;0.7887658834564295
1275624.0;6707145.522999994;0.3871552237787323;0.26649703723509777;0.06974704602042954;0.7743104475574646
1275042.0;0.0;0.39434134822033795;0.26683169597805745;0.0;0.7886826964406759
1273590.0;6235552.0512999995;0.3919532528712926;0.26766661779038975;0.06484298490220863;0.7839065057425852
1272074.0;7143004.460500001;0.35400909914905;0.2685383405641472;0.07427950670254564;0.7080181982981
1271933.0;0.0;0.3907684509617971;0.268619417682287;0.0;0.7815369019235942
1263542.0;8606951.874300007;0.30303806046680465;0.2734443687341332;0.08950297356958441;0.6060761209336093
1261604.0;0.0;0.386931514649663;0.2745587478472875;0.0;0.773863029299326
1261023.0;0.0;0.38597442716524;0.2748928315752249;0.0;0.77194885433048
1252417.0;6670508.7842999995;0.3750513941730781;0.27984141085685865;0.06936606363509372;0.7501027883461562
1252094.0;0.0;0.38589603240346076;0.28002714070905105;0.0;0.7717920648069215
1251703.0;9312506.508900007;0.27395397610297384;0.2802519715827576;0.09683997727714115;0.5479079522059477
1249293.0;0.0;0.3856872421392992;0.2816377577864222;0.0;0.7713744842785984
1248069.0;0.0;0.38425470961816205;0.28234157617367756;0.0;0.7685094192363241
1247571.0;0.0;0.3786071293000937;0.28262793365476674;0.0;0.7572142586001874
1246826.0;7109621.757900002;0.35949696544823934;0.283056319846356;0.07393236276679173;0.7189939308964787
1235997.0;0.0;0.37754527670119586;0.2892831575224903;0.0;0.7550905534023917
1230787.0;0.0;0.3773888605449975;0.2922789857885037;0.0;0.754777721089995
1228757.0;0.0;0.37192916183721775;0.2934462662837067;0.0;0.7438583236744355
1223380.0;0.0;0.3704177064830144;0.29653812205843877;0.0;0.7408354129660288
1215020.0;0.0;0.3702711050491376;0.3013452476445947;0.0;0.7405422100982753
1212974.0;0.0;0.36746349085232255;0.30252172838015395;0.0;0.7349269817046451
1204092.0;0.0;0.36282609393485865;0.3076290118079335;0.0;0.7256521878697173
1203008.0;7105602.633800002;0.3623084200320598;0.3082523280920714;0.07389056823100847;0.7246168400641196
1192782.0;0.0;0.36205122578397136;0.3141324317097784;0.0;0.7241024515679427
1189724.0;0.0;0.35765077033364534;0.3158908276478723;0.0;0.7153015406672907
1180829.0;0.0;0.3571376418282223;0.32100558627094133;0.0;0.7142752836564445
1180513.0;1.0178338648200002E7;0.2604055631551436;0.3211872910179778;0.10584369336748663;0.5208111263102873
1177862.0;0.0;0.35432082264101245;0.3227116558420089;0.0;0.7086416452820249
1168748.0;0.0;0.3514959031701129;0.3279523427549545;0.0;0.7029918063402258
1166777.0;0.0;0.35067843272961685;0.32908569736384363;0.0;0.7013568654592337
1165714.0;0.0;0.3496265757044839;0.32969693833251396;0.0;0.6992531514089678
1157828.0;0.0;0.3470781295746942;0.3342315067981151;0.0;0.6941562591493884
1151921.0;0.0;0.3465481166376842;0.33762812053464897;0.0;0.6930962332753684
1146043.0;0.0;0.3458949737394136;0.3410080588355371;0.0;0.6917899474788272
1145858.0;0.0;0.34357861893222097;0.34111443661465657;0.0;0.6871572378644419
1144933.0;0.0;0.3423441633647483;0.341646325510254;0.0;0.6846883267294966
1128470.0;0.0;0.3401961586065798;0.35111279782184307;0.0;0.6803923172131596
1125745.0;0.0;0.3394824986792408;0.35267971375752194;0.0;0.6789649973584816
1116500.0;0.0;0.33740059932935945;0.35799572763838455;0.0;0.6748011986587189
1110554.0;0.0;0.3357582643923355;0.36141476696078684;0.0;0.671516528784671
1108063.0;0.0;0.3331761514450331;0.3628471293812551;0.0;0.6663523028900662
1087552.0;0.0;0.3296634676899596;0.3746412625029829;0.0;0.6593269353799192
1076408.0;0.0;0.328602562995367;0.38104922991113144;0.0;0.657205125990734
1069806.0;0.0;0.32726742293868494;0.38484547908814115;0.0;0.6545348458773699
1056553.0;0.0;0.3260281904069562;0.3924661531782518;0.0;0.6520563808139124
1042579.0;0.0;0.32226534443232746;0.4005014130994172;0.0;0.6445306888646549
1036383.0;0.0;0.3207214243564791;0.40406420617738636;0.0;0.6414428487129582
1026707.0;0.0;0.319618591088998;0.4096280515328463;0.0;0.639237182177996
1016109.0;0.0;0.3175415008450256;0.41572206073883683;0.0;0.6350830016900512
996166.0;0.0;0.315936650993274;0.4271895853279167;0.0;0.631873301986548
993996.0;0.0;0.31450551295591517;0.4284373679262371;0.0;0.6290110259118303
969641.0;0.0;0.31366800029807623;0.44244185879356096;0.0;0.6273360005961525
963892.0;0.0;0.31271422180684305;0.4457476201565766;0.0;0.6254284436136861
946071.0;0.0;0.3096174333193853;0.45599496286840496;0.0;0.6192348666387706
944845.0;0.0;0.30935041015957493;0.45669993128570485;0.0;0.6187008203191499
918520.0;0.0;0.3092896741840331;0.47183720174689564;0.0;0.6185793483680662
915553.0;0.0;0.30781022891606374;0.4735432713179632;0.0;0.6156204578321275
