a;b;c;d;e;f
70509.0;689459.7995961097;0.49895081681725745;0.27003271492463143;0.7984297775671321;0.9979016336345149
70400.0;683838.4078961102;0.49843188707018043;0.2711611727679311;0.7919199179244415;0.9968637741403609
70391.0;683359.3647961101;0.49843188707018043;0.2712543481861852;0.7913651614672814;0.9968637741403609
70354.0;681736.7922961101;0.49843188707018043;0.27163740268345204;0.7894861393676311;0.9968637741403609
70282.0;686426.2070961099;0.49780845732391865;0.27238280602948484;0.794916722003308;0.9956169146478373
70245.0;677884.0673961102;0.49780845732391865;0.2727658605267517;0.7850244865102256;0.9956169146478373
70127.0;702477.7161961099;0.49708013439207804;0.27398749378830545;0.8135051920603549;0.9941602687841561
70086.0;687946.6603761108;0.4970801343920781;0.27441195958257414;0.7966774848133565;0.9941602687841562
70064.0;695450.69429611;0.49708013439207804;0.27463972171608414;0.8053675406180764;0.9941602687841561
70035.0;682857.8279961101;0.49708013439207804;0.27493995361934737;0.7907843561528884;0.9941602687841561
70032.0;737708.5289961101;0.4962464564310941;0.27497101209209873;0.8543042785972229;0.9924929128621882
69991.0;702897.3727761111;0.49624645643109405;0.2753954778863674;0.8139911758842431;0.9924929128621881
69968.0;675786.2423761111;0.4962464564310941;0.27563359284412786;0.7825950976392952;0.9924929128621882
69917.0;667350.0771961098;0.49667229124338486;0.2761615868809011;0.772825586070769;0.9933445824867697
69917.0;669489.042752222;0.4960115702783143;0.2761615868809011;0.7753026177906617;0.9920231405566285
69873.0;726103.3375761112;0.49530689145492085;0.27661711114792115;0.8408648722539934;0.9906137829098417
69808.0;663867.651052222;0.49524717299297827;0.27729004472420077;0.7687927581479704;0.9904943459859565
69762.0;661766.0354522223;0.49524717299297827;0.2777662746397217;0.7663589795911606;0.9904943459859565
69731.0;681656.1967761111;0.4942608356062636;0.27808721219148586;0.7893928056255575;0.9885216712125272
69703.0;651915.14939611;0.49530689145492085;0.2783770912704986;0.7549511487542816;0.9906137829098417
69690.0;659535.8830522222;0.49437691345193524;0.2785116779857545;0.7637763488334051;0.9887538269038705
69689.0;678998.5955156179;0.49426083560626355;0.278522030810005;0.7863151671838082;0.9885216712125271
69667.0;646926.20379611;0.4970683326863403;0.278749792943515;0.7491736941035014;0.9941366653726806
69667.0;648930.5193356164;0.4956434856908257;0.278749792943515;0.7514947942043628;0.9912869713816514
69653.0;657913.310552222;0.49437691345193524;0.2788947324830214;0.7618973267337545;0.9887538269038705
69644.0;657434.2674522222;0.49437691345193524;0.2789879079012755;0.7613425702765949;0.9887538269038705
69610.0;662734.5955156178;0.49310761117104446;0.27933990392579094;0.7674806217759991;0.9862152223420889
69535.0;653581.5425522221;0.4934002314958247;0.2801163657445751;0.7568809174191892;0.9868004629916494
69492.0;694070.52449611;0.4931076111710444;0.2805615371873447;0.8037692332663434;0.9862152223420888
69389.0;656023.4018761107;0.49310761117104446;0.2816278780851416;0.7597087156431969;0.9862152223420889
69382.0;669840.589552222;0.4923164937468077;0.28170034785489484;0.775709726999194;0.9846329874936154
69371.0;699072.0310356163;0.49184646432049567;0.2818142289216498;0.8095612341287256;0.9836929286409913
69334.0;651205.6962522222;0.4923164937468077;0.2821972834189167;0.754129565659516;0.9846329874936154
69320.0;684600.4697749433;0.49184646432049567;0.28234222295842304;0.7928024246300761;0.9836929286409913
69288.0;649104.0806522222;0.4923164937468077;0.28267351333443763;0.7516957871027059;0.9846329874936154
69278.0;668377.2680961099;0.49184646432049567;0.28277704157694217;0.7740151257687854;0.9836929286409913
69259.0;697307.4080522223;0.4911249915035026;0.28297374523770086;0.8075177102902851;0.9822499830070052
69251.0;647320.1834156176;0.4904765625628579;0.28305656783170446;0.7496299426913867;0.9809531251257158
69220.0;635797.1174522219;0.4923164937468077;0.2833775053834686;0.7362856418352164;0.9846329874936154
69216.0;642164.3436156176;0.4904765625628579;0.2834189166804704;0.7436592160049327;0.9809531251257158
69139.0;661685.4399322233;0.4898249383531077;0.2842160841477555;0.7662656458490869;0.9796498767062154
69111.0;631944.3925522224;0.4911249915035026;0.28450596322676824;0.7318239889778112;0.9822499830070052
69081.0;656500.0764522222;0.48982493835310764;0.2848165479542819;0.7602607292283248;0.9796498767062153
69065.0;629842.776952222;0.4911249915035026;0.28498219314228923;0.7293902104210007;0.9822499830070052
69045.0;639292.8206322233;0.4898249383531077;0.2851892496272983;0.7403338452461828;0.9796498767062154
69031.0;636911.7718156176;0.4889969918839256;0.2853341891668047;0.7375764687056904;0.9779939837678512
68958.0;657332.118432223;0.4884154674814089;0.286089945337088;0.761224276477066;0.9768309349628178
68956.0;625990.0520522221;0.48982493835310775;0.28611065098558885;0.7249285575635951;0.9796498767062155
68939.0;636155.5979522222;0.488415467481409;0.2862866489978466;0.7367007806236492;0.976830934962818
68921.0;648027.3861322233;0.4884154674814089;0.2864729998343548;0.7504489196760422;0.9768309349628178
68874.0;641504.5452322232;0.48841546748140896;0.28695958257412624;0.742895135667252;0.9768309349628179
68864.0;634939.499132223;0.48841546748140896;0.2870631108166308;0.735292475874162;0.9768309349628179
68834.0;646503.8406322233;0.4884154674814089;0.28737369554414444;0.7486845759167817;0.9768309349628178
68831.0;626182.9839356164;0.48740675355264257;0.2874047540168958;0.7251519825708753;0.9748135071052851
68793.0;625617.9068761109;0.4874067535526426;0.2877981613384131;0.724497594380014;0.9748135071052852
68780.0;631469.9737322232;0.4868956286584289;0.28793274805366903;0.7312745876738519;0.9737912573168578
68719.0;625747.1863522222;0.486895628658429;0.28856427033294685;0.7246473066379527;0.973791257316858
68650.0;629034.4579356164;0.48570476056455386;0.2892786152062283;0.7284541355794947;0.9714095211291077
68633.0;622687.4626156174;0.48570476056455386;0.289454613218486;0.7211039897631105;0.9714095211291077
68625.0;618155.6211522222;0.48689562865842895;0.28953743581248964;0.7158558851256714;0.9737912573168579
68599.0;649122.5018322231;0.48526438487430473;0.2898066092430015;0.7517171197730941;0.9705287697486095
68560.0;621061.5621322234;0.48526438487430473;0.29021036938876926;0.7192211136881558;0.9705287697486095
68538.0;621393.8648522221;0.4852643848743047;0.29043813152227926;0.7196059372659321;0.9705287697486094
68466.0;613469.9969322231;0.48526438487430473;0.29118353486831206;0.7104296921758742;0.9705287697486095
68438.0;620107.4514144498;0.4838898336920933;0.29147341394732484;0.7181162045859679;0.9677796673841866
68379.0;616708.2406322231;0.4835206085962977;0.29208423057810173;0.714179744316135;0.9670412171925954
68369.0;657008.5291310556;0.48352060859629764;0.29218775882060627;0.7608495434847936;0.9670412171925953
68360.0;610332.774252222;0.4835206085962977;0.29228093423886037;0.7067966275533405;0.9670412171925954
68281.0;689249.2791310557;0.4835206085962976;0.29309880735464633;0.7981859840810074;0.9670412171925952
68201.0;605647.1500322231;0.48166307761377886;0.2939270332946828;0.7013704346035434;0.9633261552275577
68114.0;604123.6045322233;0.48166307761377886;0.2948277290044724;0.6996060908442832;0.9633261552275577
68020.0;601293.828532223;0.47969047043334834;0.29580089448401525;0.6963290652315228;0.9593809408666967
67813.0;593808.79329611;0.4904765625628579;0.29794392910385953;0.687661010876283;0.9809531251257158
67802.0;602436.8288322231;0.47760136118095736;0.29805781017061456;0.6976527181491009;0.9552027223619147
67801.0;591725.5410396104;0.49184646432049567;0.298068162994865;0.6852484980122296;0.9836929286409913
67732.0;581324.6794356165;0.4889969918839256;0.2987825078681464;0.6732037673087888;0.9779939837678512
67576.0;600634.8928522222;0.48166307761377886;0.30039754845121747;0.6955659839485788;0.9633261552275577
67531.0;623838.4050144498;0.4754737163124691;0.300863425542488;0.7224368400381094;0.9509474326249382
67506.0;596437.5418356168;0.48783567753680745;0.3011222461487494;0.6907052363886448;0.9756713550736149
67483.0;592950.2201510547;0.48526438487430473;0.3013603611065099;0.6866667391788857;0.9705287697486095
67472.0;599969.1475322231;0.48166307761377886;0.30147424217326485;0.694795016753574;0.9633261552275577
67453.0;598355.4703522223;0.4796904704333484;0.30167094583402354;0.6929262958903011;0.9593809408666968
67439.0;580987.3333356165;0.48740675355264257;0.3018158853735299;0.6728131032385357;0.9748135071052851
67417.0;595949.2686322231;0.47969047043334834;0.30204364750703994;0.6901397909987815;0.9593809408666967
67393.0;597867.0998344489;0.47775417887435956;0.30229211528905087;0.6923607378053995;0.9555083577487191
67378.0;579155.9562989362;0.4904765625628579;0.3024474076528077;0.6706922747857459;0.9809531251257158
67372.0;583237.1902356166;0.48462157594514527;0.30250952459831043;0.6754185528169989;0.9692431518902905
67345.0;595393.6586344488;0.47775417887435956;0.3027890508530727;0.6894963661505208;0.9555083577487191
67334.0;576896.42919611;0.48677713303898645;0.30290293191982776;0.6680756266168849;0.9735542660779729
67317.0;574238.6942001038;0.49184646432049567;0.30307892993208546;0.6649978333025587;0.9836929286409913
67311.0;592812.0459522223;0.4776013611809573;0.3031410468775882;0.6865067263762481;0.9552027223619146
67261.0;607853.7595510548;0.47306737662199433;0.303658688090111;0.7039258014985101;0.9461347532439887
67260.0;607248.1061322232;0.4730673766219944;0.3036690409143614;0.7032244238043156;0.9461347532439888
67247.0;597952.38151445;0.4754737163124691;0.3038036276296174;0.6924594983608862;0.9509474326249382
67246.0;590956.1977322231;0.4776013611809573;0.3038139804538678;0.6843575590392107;0.9552027223619146
67242.0;604888.2178322232;0.47306737662199433;0.3038553917508696;0.70049155222637;0.9461347532439887
67233.0;571618.2457344491;0.48462157594514527;0.3039485671691237;0.6619632197010341;0.9692431518902905
67227.0;553467.8896396105;0.4904765625628578;0.30401068411462645;0.6409441772738242;0.9809531251257156
67208.0;588251.9149344488;0.4777541788743595;0.30420738777538514;0.6812258609852119;0.955508357748719
67162.0;587337.1240344489;0.4777541788743595;0.3046836176909061;0.6801664862468512;0.955508357748719
67152.0;588126.4217322234;0.47539421396183107;0.3047871459334106;0.681080533426451;0.9507884279236621
67150.0;586549.3258993992;0.4777541788743595;0.30480785158191154;0.6792541756377279;0.955508357748719
67103.0;599067.3991322231;0.4730673766219944;0.30529443432168296;0.6937507458985432;0.9461347532439888
67083.0;597512.5503322232;0.47306737662199433;0.3055014908066921;0.6919501513138239;0.9461347532439887
67060.0;579094.1067949423;0.4777541788743596;0.3057396057644525;0.6706206498907986;0.9555083577487192
67060.0;600159.5453310555;0.4706190738471958;0.3057396057644525;0.6950155071610786;0.9412381476943916
67052.0;567753.7907522222;0.48526438487430473;0.3058224283584562;0.657487982807331;0.9705287697486095
67032.0;561625.4274356166;0.4846215759451452;0.3060294848434653;0.650391024054124;0.9692431518902904
67018.0;596535.985616005;0.47306737662199433;0.30617442438297165;0.6908192393308384;0.9461347532439887
66988.0;576729.7697156176;0.47547371631246915;0.3064850091104853;0.6678826263984285;0.9509474326249383
66979.0;589394.2669322233;0.47306737662199433;0.3065781845287394;0.6825487631355922;0.9461347532439887
66975.0;571958.8638156176;0.4754737163124691;0.3066195958257413;0.6623576728931448;0.9509474326249382
66971.0;583697.9018156175;0.4751077121558162;0.3066610071227431;0.675952080434647;0.9502154243116324
66971.0;583773.100232223;0.4730673766219944;0.3066610071227431;0.6760391640544302;0.9461347532439888
66958.0;579002.1943322232;0.47306737662199433;0.306795593837999;0.6705142105491466;0.9461347532439887
66946.0;560466.2194550487;0.4868956286584289;0.30691982772900445;0.6490486018119264;0.9737912573168578
66939.0;567144.9096344489;0.4754737163124691;0.30699229749875767;0.6567828672723668;0.9509474326249382
66922.0;574113.0417344489;0.4751077121558162;0.30716829551101543;0.6648523213085854;0.9502154243116324
66910.0;576528.7531322233;0.47306737662199433;0.3072925294020209;0.6676498388942682;0.9461347532439887
66908.0;574972.8792322231;0.47306737662199433;0.30731323505052177;0.6658480571912199;0.9461347532439887
66876.0;573273.4492510546;0.47306737662199433;0.30764452542653636;0.6638800301900079;0.9461347532439887
66874.0;571714.7989510547;0.47306737662199433;0.3076652310750373;0.6620750332734903;0.9461347532439887
66864.0;567056.6375156175;0.47547371631246915;0.30776875931754183;0.6566806436354771;0.9509474326249383
66850.0;554736.4094356167;0.4846215759451452;0.3079136988570482;0.6424131881997086;0.9692431518902904
66829.0;548492.4870522221;0.4835206085962977;0.3081311081663078;0.6351824061256259;0.9670412171925954
66829.0;589632.8543156176;0.4727008425265248;0.3081311081663078;0.6828250595513737;0.9454016850530496
66829.0;589708.0527322232;0.4706190738471958;0.3081311081663078;0.6829121431711569;0.9412381476943916
66816.0;570012.2099160049;0.47306737662199433;0.3082656948815637;0.6601033479260061;0.9461347532439887
66816.0;584861.9484156175;0.4727008425265248;0.3082656948815637;0.6773001060460898;0.9454016850530496
66776.0;574273.5218310555;0.4706190738471958;0.3086798078515819;0.6650381654838552;0.9412381476943916
66773.0;569387.009432223;0.47306737662199433;0.30871086632433326;0.659379333728959;0.9461347532439887
66765.0;540246.9380356165;0.48462157594514527;0.3087936889183369;0.6256336378419581;0.9692431518902905
66755.0;516293.85250010376;0.4867849067458369;0.30889721716084145;0.5978947373761595;0.9735698134916738
66737.0;564573.0552510546;0.47306737662199433;0.30908356799734965;0.6538045281081812;0.9461347532439887
66721.0;563214.5768156175;0.4722255808322457;0.309249213185357;0.6522313404681315;0.9444511616644914
66708.0;558443.6709156175;0.4722255808322457;0.3093837999006129;0.6467063869628478;0.9444511616644914
66696.0;555827.1356993994;0.47547371631246904;0.30950803379161834;0.6436763051046953;0.9509474326249381
66672.0;553629.716734449;0.4722255808322457;0.3097565015736293;0.64113158134207;0.9444511616644914
66652.0;564600.3896310556;0.4706190738471958;0.3099635580586384;0.653836182720904;0.9412381476943916
66597.0;553541.4446156175;0.4722255808322457;0.31053296339241343;0.6410293577051802;0.9444511616644914
66532.0;559051.1233322232;0.4706190738471958;0.31120589696869305;0.6474098479886498;0.9412381476943916
66521.0;493740.94140010385;0.4889969918839256;0.3113197780354481;0.5717773106551052;0.9779939837678512
66514.0;580451.9406156176;0.47017158632757117;0.31139224780520125;0.6721930910339224;0.9403431726551423
66482.0;555021.8082322233;0.4706190738471958;0.31172353818121584;0.6427436946307231;0.9412381476943916
66457.0;552894.9391344489;0.47547371631246904;0.3119823587874772;0.6402806712294382;0.9509474326249381
66402.0;549415.5558356164;0.4777541788743595;0.3125517641212523;0.6362513670771367;0.955508357748719
66402.0;550961.4334144499;0.46974232687488465;0.3125517641212523;0.6380415725280376;0.9394846537497693
66395.0;550391.8563310555;0.47306737662199433;0.31262423389100547;0.6373819730789206;0.9461347532439887
66390.0;545725.8540971737;0.47306737662199433;0.31267599801225776;0.6319785033945265;0.9461347532439887
66376.0;550393.7463510544;0.4706190738471958;0.3128209375517641;0.6373841618189287;0.9412381476943916
66371.0;550044.3835156176;0.4727008425265248;0.3128727016730164;0.6369795817532723;0.9454016850530496
66321.0;524870.8216356167;0.4828457436926992;0.3133903428855392;0.6078273071403132;0.9656914873853985
66318.0;535984.5834322231;0.46804739952564056;0.31342140135829055;0.620697612797578;0.9360947990512811
66313.0;480218.8073001037;0.4889969918839256;0.3134731654795428;0.5561179864595237;0.9779939837678512
66308.0;534563.8954356166;0.4722255808322457;0.3135249296007951;0.6190523832979214;0.9444511616644914
66269.0;523599.4164510546;0.47969047043334834;0.31392868974656285;0.6063549547866266;0.9593809408666967
66250.0;529418.574434449;0.4727008425265247;0.31412539340732154;0.6130938379195248;0.9454016850530494
66191.0;475185.30700010393;0.48836339727506795;0.3147362100380984;0.5502889351830502;0.9767267945501359
66173.0;491092.6144001039;0.48678490674583685;0.31492256087460657;0.5687104122822433;0.9735698134916737
66172.0;532903.7782993994;0.4722255808322457;0.31493291369885706;0.6171298825856512;0.9444511616644914
66168.0;486881.76000010385;0.486897864310072;0.31497432499585887;0.5638340271123912;0.973795728620144
66126.0;473822.55290010397;0.4867849067458369;0.315409143614378;0.5487107961043409;0.9735698134916738
66126.0;529835.222934449;0.46974232687488465;0.315409143614378;0.61357633823263;0.9394846537497693
66123.0;524948.7105356166;0.4722255808322457;0.31544020208712936;0.607917506477734;0.9444511616644914
66077.0;529189.5456344491;0.46974232687488465;0.31591643200265035;0.6128286108331196;0.9394846537497693
66062.0;525812.2962805681;0.47017158632757117;0.3160717243664072;0.6089175830226692;0.9403431726551423
66043.0;522989.9530971737;0.4706190738471958;0.3162684280271658;0.6056491649924145;0.9412381476943916
65934.0;510547.3779196114;0.4730728697201034;0.31739688587046544;0.5912400253483002;0.9461457394402067
65918.0;460300.4188001037;0.4867849067458369;0.31756253105847276;0.5330514719087595;0.9735698134916738
65891.0;511154.14761717274;0.4706190738471958;0.31784205731323506;0.5919426957504645;0.9412381476943916
65887.0;549553.1090156176;0.4671350916089014;0.31788346861023686;0.6364106607081451;0.9342701832178028
65822.0;515737.35571561754;0.4679025191801178;0.3185564021865165;0.5972502855834452;0.9358050383602357
65809.0;507353.0192322233;0.46804739952564056;0.3186909889017724;0.5875407943014211;0.9360947990512811
65745.0;500265.32915105455;0.4706190738471958;0.31935356965380157;0.5793328859965607;0.9412381476943916
65703.0;509205.90701444994;0.46440178687880646;0.3197883882723207;0.5896865332998178;0.9288035737576129
65673.0;484457.89423961047;0.4846215759451452;0.32009897299983436;0.5610270663568301;0.9692431518902904
65589.0;487232.2153322232;0.46804739952564056;0.3209686102368726;0.5642398723451882;0.9360947990512811
65568.0;446207.52110010386;0.4867849067458369;0.3211860195461322;0.516731174217032;0.9735698134916738
65418.0;564845.2873156175;0.4644017868788064;0.3227389431837005;0.6541197867887932;0.9288035737576128
65375.0;504719.34623444884;0.46440178687880646;0.3231841146264701;0.5844908660140439;0.9288035737576129
65368.0;493929.44481444993;0.4679025191801179;0.3232565843962233;0.5719956072683017;0.9358050383602358
65330.0;485251.0822562161;0.47306737662199433;0.3236499917177406;0.561945618724986;0.9461347532439887
65310.0;479922.5169356166;0.46974232687488465;0.3238570482027497;0.5557748670347925;0.9394846537497693
65292.0;449379.90828010486;0.48509459774584845;0.3240433990392579;0.5204049611324821;0.9701891954916969
65245.0;467680.2579801048;0.475473716312469;0.3245299817790293;0.5415977038405142;0.950947432624938
65213.0;578626.4663971738;0.4625256061430543;0.3248612721550439;0.6700790983471256;0.9250512122861086
65205.0;473113.41585222224;0.46804739952564056;0.32494409474904756;0.547889579064948;0.9360947990512811
65161.0;493516.4637522222;0.46535030829019963;0.32539961901606757;0.5715173540360652;0.9307006165803993
65147.0;472637.59753621713;0.4706190738471958;0.32554455855557396;0.5473385570729001;0.9412381476943916
65146.0;467625.44913561654;0.46974232687488465;0.3255549113798244;0.5415342323900553;0.9394846537497693
65131.0;548315.6197960061;0.4625256061430543;0.32571020374358123;0.6349775847798097;0.9250512122861086
65069.0;449227.8285550485;0.46804739952564056;0.3263520788471095;0.5202288450179234;0.9360947990512811
65061.0;502363.944734449;0.46473782478535275;0.32643490144111315;0.5817631903804132;0.9294756495707055
65017.0;531570.9779805681;0.4644017868788064;0.3268904257081332;0.6155864315204415;0.9288035737576128
65016.0;435946.7160001038;0.48509459774584845;0.32690077853238364;0.5048486361220597;0.9701891954916969
64975.0;558745.2672322232;0.45957094005100174;0.32732524432665233;0.6470556509520226;0.9191418801020035
64900.0;477932.7510156176;0.4671350916089014;0.3281017061454365;0.5534706161388794;0.9342701832178028
64874.0;544960.9469971737;0.4625256061430543;0.3283708795759483;0.6310927017769844;0.9250512122861086
64858.0;429895.82193961047;0.475473716312469;0.3285365247639556;0.497841390737148;0.950947432624938
64840.0;444735.56450339325;0.4722255808322457;0.3287228756004638;0.5150265730513243;0.9444511616644914
64800.0;431422.7193396105;0.4730728697201034;0.329136988570482;0.49960961616836824;0.9461457394402067
64790.0;533471.2052156175;0.46222671666788545;0.3292405168129866;0.6177869920309982;0.9244534333357709
64782.0;478672.8865310555;0.4653503082901998;0.3293233394069902;0.5543277309921409;0.9307006165803996
64779.0;431411.11689610995;0.4730728697201034;0.3293543978797416;0.4995961799442566;0.9461457394402067
64774.0;444411.46641961136;0.4701715863275712;0.3294061620009939;0.514651250862713;0.9403431726551424
64754.0;556723.7171322232;0.45957094005100174;0.329613218486003;0.6447145923469677;0.9191418801020035
64751.0;435898.6558384429;0.4679025191801178;0.32964427695875437;0.5047929799921342;0.9358050383602357
64740.0;525492.7560510546;0.46252560614305444;0.32975815802550934;0.6085475390628564;0.9250512122861089
64737.0;473284.9618160051;0.4653503082901998;0.3297892164982607;0.5480882380814504;0.9307006165803996
64715.0;521425.4747510546;0.46252560614305444;0.33001697863177076;0.6038374188998472;0.9250512122861089
64698.0;418847.1290396104;0.475473716312469;0.33019297664402847;0.48504643819644533;0.950947432624938
64695.0;530875.9185156175;0.4615401728876331;0.33022403511677983;0.6147815170434531;0.9230803457752662
64690.0;467807.7000510545;0.46535030829019974;0.33027579923803213;0.5417452882891225;0.9307006165803995
64644.0;428715.33739610994;0.4730728697201034;0.33075202915355306;0.4964743291448105;0.9461457394402067
64641.0;467162.02275105455;0.46535030829019974;0.33078308762630443;0.5409975608896119;0.9307006165803995
64625.0;435405.6484350494;0.46535030829019974;0.33094873281431175;0.5042220521560791;0.9307006165803995
64600.0;520376.2675344489;0.46154017288763305;0.3312075534205731;0.6026223831790306;0.9230803457752661
64571.0;417888.98279610986;0.4730728697201034;0.33150778532383635;0.4839368557486753;0.9461457394402067
64561.0;515008.6958322233;0.45957094005100174;0.3316113135663409;0.59640646010013;0.9191418801020035
64551.0;406728.0289001038;0.4730728697201034;0.3317148418088455;0.47101189922206504;0.9461457394402067
64544.0;432226.9183362171;0.46804739952564056;0.33178731157859864;0.5005409198155953;0.9360947990512811
64542.0;505723.1760310556;0.45957094005100174;0.33180801722709957;0.5856533523572499;0.9191418801020035
64519.0;404069.6548801049;0.4730728697201034;0.33204613218486;0.46793336588521;0.9461457394402067
64440.0;447249.1766344489;0.4644017868788064;0.332864005300646;0.5179374647028238;0.9288035737576128
64435.0;427883.9018384428;0.46440178687880646;0.33291576942189827;0.49551148416420615;0.9288035737576129
64403.0;413520.7393801048;0.47054979642497324;0.33324705979791286;0.47887820603328485;0.9410995928499465
64367.0;403386.5721001037;0.4730728697201034;0.33361976147092925;0.4671423210231082;0.9461457394402067
64365.0;400074.13600010384;0.47547371631246904;0.3336404671194302;0.46330635028184447;0.9509474326249381
64343.0;393205.89480010385;0.4730728697201034;0.3338682292529402;0.45535257502648385;0.9461457394402067
64329.0;413889.97585621616;0.46804739952564056;0.3340131687924466;0.4793058007932171;0.9360947990512811
64316.0;412264.9482384427;0.46974232687488465;0.3341477555077025;0.47742393554137885;0.9394846537497693
64294.0;392560.21750010387;0.4730728697201034;0.33437551764121254;0.45460484762697323;0.9461457394402067
64257.0;497160.88595105463;0.4625256061430543;0.33475857213847937;0.5757377816915704;0.9250512122861086
64256.0;400805.1344989362;0.47054979642497324;0.3347689249627298;0.46415288400167337;0.9410995928499465
64246.0;516598.48273222323;0.45648378638224407;0.3348724532052344;0.5982475147949645;0.9129675727644881
64175.0;392508.8477001038;0.4730728697201034;0.33560750372701675;0.45454535876625685;0.9461457394402067
64139.0;387911.9671001039;0.4730728697201034;0.33598020540003315;0.4492219354758624;0.9461457394402067
64130.0;385079.56778010476;0.4730728697201034;0.33607338081828725;0.445941871924118;0.9461457394402067
64126.0;383141.0612001038;0.4730728697201034;0.33611479211528905;0.4436969819705786;0.9461457394402067
64109.0;395973.1389033934;0.46440178687880646;0.3362907901275468;0.4585571854985632;0.9288035737576129
64093.0;503969.8607156176;0.45854784746110333;0.3364564353155541;0.5836229233777354;0.9170956949222067
64084.0;391879.88099893625;0.47054979642497324;0.3365496107338082;0.45381698309648677;0.9410995928499465
64078.0;380667.62000010384;0.4730728697201034;0.3366117276793109;0.44083261031570004;0.9461457394402067
64055.0;493979.22613444895;0.45919347905706376;0.3368498426370714;0.5720532565877792;0.9183869581141275
64048.0;380363.43319893617;0.47054979642497324;0.3369223124068246;0.4404803464126597;0.9410995928499465
64002.0;462976.90233222325;0.45957094005100174;0.33739854232234556;0.5361509769886266;0.9191418801020035
63984.0;377597.63680010394;0.47054979642497324;0.33758489315885376;0.43727741245652585;0.9410995928499465
63954.0;374215.80770010385;0.4730728697201034;0.3378954778863674;0.433361081065392;0.9461457394402067
63935.0;375579.9893789371;0.47054979642497324;0.33809218154712606;0.43494087335354287;0.9410995928499465
63918.0;369618.9271001037;0.4730728697201034;0.3382681795593838;0.4280376577749973;0.9461457394402067
63918.0;574164.0009144499;0.4560265896903736;0.3382681795593838;0.6649113346503018;0.9120531793807471
63870.0;367145.4859001038;0.4730728697201034;0.3387651151234057;0.42517328612011884;0.9461457394402067
63769.0;364600.62280010385;0.4730728697201034;0.3398107503727017;0.42222620424520446;0.9461457394402067
63737.0;364150.9741001038;0.4730728697201034;0.34014204074871623;0.4217054880094867;0.9461457394402067
63697.0;540565.1648322233;0.4532614380349662;0.3405561537187345;0.6260021607791613;0.9065228760699324
63673.0;392820.76175504836;0.46804739952564056;0.3408046215007454;0.45490657122513456;0.9360947990512811
63659.0;361373.34609893616;0.47054979642497324;0.34094956104025176;0.4184888524515678;0.9410995928499465
63647.0;550654.1348322232;0.45326143803496616;0.3410737949312572;0.6376857050230754;0.9065228760699323
63642.0;553065.1524322233;0.4532614380349661;0.3411255590525095;0.6404777869504137;0.9065228760699322
63588.0;355619.6588396104;0.46974232687488465;0.3416846115620341;0.41182578777202383;0.9394846537497693
63559.0;443370.1361356166;0.4615401728876331;0.34198484346529734;0.5134453370334935;0.9230803457752662
63542.0;355399.7459001038;0.4730728697201034;0.3421608414775551;0.4115711173191893;0.9461457394402067
63529.0;350628.8400001037;0.4730728697201034;0.342295428192811;0.4060461638139054;0.9461457394402067
63518.0;543392.0202322233;0.4532614380349661;0.34240930925956603;0.6292758041874624;0.9065228760699322
63490.0;542473.4278322232;0.45326143803496616;0.34269918833857876;0.6282120271173032;0.9065228760699323
63428.0;482877.2586310556;0.4564837863822441;0.343341063442107;0.5591966093264239;0.9129675727644883
63427.0;467628.6019156176;0.45854784746110333;0.34335141626635746;0.5415378834708527;0.9170956949222067
63417.0;393196.3264384428;0.46440178687880646;0.343454944508862;0.45534149437337373;0.9288035737576129
63399.0;518373.8333322233;0.45326143803496616;0.3436412953453702;0.6003034617631448;0.9065228760699323
63392.0;402139.4604196115;0.4644017868788064;0.3437137651151234;0.46569810179199406;0.9288035737576128
63387.0;345085.4156001038;0.47054979642497324;0.3437655292363757;0.3996265942998526;0.9410995928499465
63363.0;546650.9842144501;0.4527232438144536;0.34401399701838664;0.6330498514763007;0.9054464876289072
63338.0;360859.3381562161;0.46804739952564056;0.344272817624648;0.4178936049148526;0.9360947990512811
63329.0;343382.82656505436;0.47054979642497324;0.3443659930429021;0.3976549089523688;0.9410995928499465
63324.0;446700.08531561756;0.45854784746110333;0.3444177571641544;0.5173015888188123;0.9170956949222067
63323.0;540812.0090310556;0.44990099008373685;0.34442810998840484;0.6262880190103197;0.8998019801674737
63305.0;530142.5421310556;0.4532614380349661;0.34461446082491304;0.6139322296101005;0.9065228760699322
63288.0;441886.1311344489;0.45854784746110333;0.3447904588371708;0.5117267831980343;0.9170956949222067
63260.0;338858.4760001039;0.47054979642497324;0.34508033791618353;0.39241547915918107;0.9410995928499465
63258.0;532481.8195322232;0.44990099008373685;0.34510104356468446;0.6166412327110444;0.8998019801674737
63234.0;517505.99673222326;0.4532614380349661;0.3453495113466954;0.599298462510239;0.9065228760699322
63233.0;385682.1662384428;0.46440178687880646;0.34535986417094583;0.44663971181751716;0.9288035737576129
63185.0;516785.1210156176;0.4556147234774969;0.3458567997349677;0.598463651490945;0.9112294469549937
63179.0;336535.9423001038;0.4730728697201034;0.3459189166804704;0.3897258661221779;0.9461457394402067
63175.0;336929.2974001038;0.47054979642497324;0.3459603279774723;0.39018139148447156;0.9410995928499465
63168.0;437760.23203561665;0.45854784746110333;0.34603279774722545;0.5069487806202555;0.9170956949222067
63163.0;524599.1177310556;0.44990099008373685;0.34608456186847775;0.6075126600960475;0.8998019801674737
63142.0;441629.4587971736;0.4564837863822441;0.3463019711777373;0.5114295434789405;0.9129675727644883
63137.0;512749.9898510546;0.45326143803496616;0.34635373529898955;0.5937907628322248;0.9065228760699323
63129.0;437200.5069144499;0.45542223411074556;0.3464365578929932;0.5063005902482371;0.9108444682214911
63094.0;331736.57250010385;0.47054979642497324;0.34679890674175917;0.38416794996213327;0.9410995928499465
63075.0;448075.5936144499;0.4521605687394479;0.3469956104025178;0.5188944979133263;0.9043211374788958
62930.0;376614.54733961046;0.46154017288763305;0.3484967699188339;0.4361389444853255;0.9230803457752661
62919.0;326421.96000010386;0.47054979642497324;0.34861065098558885;0.37801335635317124;0.9410995928499465
62910.0;324765.57830010384;0.47054979642497324;0.34870382640384295;0.3760951814674534;0.9410995928499465
62906.0;321651.05410010385;0.47054979642497324;0.3487452377008448;0.37248840284788753;0.9410995928499465
62887.0;430661.896019999;0.45957094005100174;0.34894194136160345;0.4987285437777791;0.9191418801020035
62853.0;422993.86363444896;0.45542223411074556;0.3492939373861189;0.4898485693462621;0.9108444682214911
62821.0;315641.7456001038;0.47054979642497324;0.3496252277621335;0.3655293156729746;0.9410995928499465
62774.0;418567.40689610987;0.45919347905706376;0.35011181050190493;0.4847225056206134;0.9183869581141275
62769.0;505043.97703222325;0.44990099008373685;0.35016357462315717;0.5848668051127561;0.8998019801674737
62738.0;427638.2319550485;0.45326143803496616;0.3504845121749213;0.4952269858504998;0.9065228760699323
62691.0;344760.0915001038;0.46805024994260414;0.35097109491469275;0.3992498523216367;0.9361004998852083
62574.0;319677.8157001039;0.4679025191801179;0.35218237535199604;0.3702032916670444;0.9358050383602358
62552.0;363656.6541001038;0.46512891727322586;0.35241013748550604;0.4211330401193006;0.9302578345464517
62543.0;360824.25478010485;0.4651289172732259;0.35250331290376014;0.4178529765675564;0.9302578345464518
62539.0;358885.7482001038;0.46512891727322586;0.352544724200762;0.4156080866140169;0.9302578345464517
62500.0;421213.0137350494;0.45648378638224407;0.35294848434652976;0.4877862539075795;0.9129675727644881
62493.0;371730.9965801048;0.46222671666788545;0.3530209541162829;0.4304835424605315;0.9244534333357709
62491.0;356412.3070001039;0.46512891727322586;0.35304165976478386;0.41274371495913836;0.9302578345464517
62404.0;356189.9687001038;0.4651289172732259;0.3539423554745735;0.41248623581457083;0.9302578345464518
62356.0;417086.46053504944;0.4564837863822441;0.35443929103859534;0.48300749384713076;0.9129675727644883
62352.0;308354.09940010385;0.47054979642497324;0.35448070233559714;0.35708984793625875;0.9410995928499465
62331.0;345363.6141001038;0.46512891727322586;0.3546981116448567;0.39994876241843563;0.9302578345464517
62326.0;362873.21869610995;0.46222671666788545;0.354749875766109;0.42022578177629716;0.9244534333357709
62318.0;405045.92103621707;0.45957094005100174;0.35483269836011266;0.4690639321202938;0.9191418801020035
62288.0;307289.2960001038;0.47054979642497324;0.3551432830876263;0.3558567510358843;0.9410995928499465
62283.0;342890.1729001038;0.46512891727322586;0.35519504720887857;0.397084390763557;0.9302578345464517
62279.0;412214.738834449;0.4521605687394479;0.3552364585058804;0.47736579047869937;0.9043211374788958
62230.0;490966.71395105467;0.44990099008373685;0.3557437468941527;0.5685646131107921;0.8998019801674737
62217.0;357524.3533001038;0.46222671666788545;0.3558783336094086;0.4140315215585564;0.9244534333357709
62160.0;485521.6702322233;0.44639932374083513;0.3564684445916846;0.5622589734668032;0.8927986474816703
62150.0;339895.6611001038;0.4651289172732259;0.3565719728341892;0.393616592652925;0.9302578345464518
62134.0;375068.2571001039;0.45919347905706376;0.35673761802219645;0.43434826115221936;0.9183869581141275
62121.0;370297.3512001038;0.45919347905706376;0.3568722047374524;0.42882330764693555;0.9183869581141275
62120.0;526077.548580568;0.445694920913196;0.35688255756170284;0.6092247587782567;0.891389841826392
62118.0;455340.1427160051;0.4499009900837369;0.35690326321020377;0.5273072180264903;0.8998019801674738
62107.0;490866.6255310556;0.4463993237408351;0.35701714427695874;0.5684487055916536;0.8927986474816701
62099.0;285090.46810010384;0.4679025191801178;0.3570999668709624;0.33014937080453366;0.9358050383602357
62090.0;452611.93571444997;0.44152848136754896;0.3571931422892165;0.5241478145185776;0.8830569627350979
62072.0;337118.03309893614;0.46222671666788545;0.3573794931257247;0.390399957095006;0.9244534333357709
62001.0;331364.3458396105;0.4615401728876331;0.35811454364750706;0.38373689241546216;0.9230803457752662
61981.0;331270.71640010376;0.4651289172732259;0.3583216001325161;0.38362846472670803;0.9302578345464518
61955.0;331144.4329001038;0.4651289172732259;0.358590773563028;0.38348222196262743;0.9302578345464518
61951.0;342271.0876396104;0.45854784746110333;0.3586321848600298;0.3963674583084373;0.9170956949222067
61947.0;400266.63253621705;0.45648378638224407;0.35867359615703165;0.4635292711346648;0.9129675727644881
61942.0;326373.5270001038;0.4651289172732259;0.3587253602782839;0.37795726845734373;0.9302578345464518
61939.0;391006.3129550485;0.4564837863822441;0.35875641875103526;0.45280534653786564;0.9129675727644883
61934.0;321847.1003001038;0.4651289172732259;0.35880818287228755;0.3727154343933823;0.9302578345464518
61880.0;385774.1014384428;0.45542223411074556;0.35936723538181214;0.4467461774901055;0.9108444682214911
61831.0;323898.6538001039;0.46222671666788545;0.3598745237700845;0.375091238473086;0.9244534333357709
61805.0;318486.23638010485;0.4651289172732259;0.3601436972005963;0.3688233817549977;0.9302578345464518
61800.0;320830.1026001039;0.46222671666788545;0.3601954613218486;0.371537698943291;0.9244534333357709
61750.0;331736.8444001039;0.45919347905706376;0.3607131025343714;0.3841682648362662;0.9183869581141275
61742.0;319127.51356505434;0.46222671666788545;0.360795925128375;0.36956601359580704;0.9244534333357709
61697.0;379708.1091196115;0.45542223411074556;0.36126180221964554;0.43972144754836606;0.9108444682214911
61668.0;397208.6105184438;0.4554222341107455;0.3615620341229087;0.4599879249374298;0.910844468221491
61651.0;299542.4152001039;0.4651289172732259;0.3617380321351665;0.3468854661000455;0.9302578345464518
61631.0;448179.78675504855;0.4499009900837369;0.3619450886201756;0.5190151589092552;0.8998019801674738
61626.0;502355.64061600517;0.4389586814491901;0.36199685274142784;0.5817535737857317;0.8779173628983802
61623.0;443947.4053322233;0.44639932374083513;0.3620279112141792;0.5141138443438734;0.8927986474816703
61581.0;398376.2176550485;0.4532614380349661;0.36246272983269834;0.4613400738327116;0.9065228760699322
61570.0;329674.45750010386;0.45919347905706376;0.36257661089945337;0.38177991512423215;0.9183869581141275
61521.0;331664.9105650543;0.4560265896903736;0.36308389928772566;0.3840849617692101;0.9120531793807471
61507.0;307481.259500104;0.46222671666788545;0.36322883882723206;0.3560790546055717;0.9244534333357709
61463.0;494704.3724322233;0.43895868144919004;0.3636843630942521;0.5728930131589016;0.8779173628983801
61458.0;300434.90930010384;0.46222671666788545;0.3637361272155044;0.3479190200014628;0.9244534333357709
61457.0;381106.8268550484;0.4532614380349661;0.36374648003975485;0.44134123435977746;0.9065228760699322
61412.0;297446.9850001039;0.4651289172732259;0.36421235713102534;0.34445885055339065;0.9302578345464518
61403.0;465022.28363222326;0.43895868144919004;0.36430553254927944;0.5385196333444513;0.8779173628983801
61381.0;443575.90963621717;0.44990099008373685;0.36453329468278944;0.5136836332915349;0.8998019801674737
61315.0;282653.66480010387;0.4679025191801179;0.3652165810833195;0.3273274277152722;0.9358050383602358
61293.0;296377.25143961044;0.45854784746110333;0.36544434321682956;0.3432200442745312;0.9170956949222067
61291.0;295968.5958001038;0.46222671666788545;0.3654650488653305;0.34274680010345115;0.9244534333357709
61235.0;292893.83700010384;0.46222671666788545;0.36604480702335596;0.3391860718547633;0.9244534333357709
61234.0;291386.43260010384;0.46222671666788545;0.36605515984760645;0.33744042031641286;0.9244534333357709
61181.0;435084.39735504857;0.4499009900837369;0.36660385953288055;0.5038500269437338;0.8998019801674738
61174.0;281272.0405001039;0.46222671666788545;0.3666763293026338;0.32572743597800696;0.9244534333357709
61166.0;382645.79559611;0.4527232438144536;0.3667591518966374;0.4431234390225125;0.9054464876289072
61162.0;354786.9907384428;0.4521605687394479;0.36680056319363924;0.41086151544288735;0.9043211374788958
61161.0;422261.8189196115;0.44875988480732637;0.3668109160178897;0.48900082405468853;0.8975197696146527
61156.0;276592.88120010396;0.47054979642497324;0.366862680139142;0.3203087297368473;0.9410995928499465
61151.0;279576.98890010396;0.46512891727322586;0.3669144442603942;0.3237644793665474;0.9302578345464517
61137.0;388005.4111196115;0.44875988480732637;0.3670593837999006;0.44933014843875624;0.8975197696146527
61066.0;411010.22391844384;0.44152848136754896;0.36779443432168296;0.47597090048362545;0.8830569627350979
60928.0;273420.7619001039;0.46222671666788545;0.3692231240682458;0.31663525304016515;0.9244534333357709
60915.0;268649.8560001039;0.46222671666788545;0.3693577107835017;0.31111029953488145;0.9244534333357709
60906.0;347475.68358010484;0.4527232438144536;0.3694508862017558;0.40239464710396977;0.9054464876289072
60870.0;342661.7293989362;0.4527232438144536;0.36982358787477226;0.3968198414831918;0.9054464876289072
60836.0;521399.7345322232;0.4350122256270499;0.37017558389928773;0.6038076104074476;0.8700244512540998
60814.0;496309.88441445003;0.437690656989246;0.37040334603279773;0.5747522783047471;0.875381313978492
60785.0;496880.9453310557;0.43501222562704994;0.37070357793606096;0.575413596108758;0.8700244512540999
60762.0;258219.6906001039;0.4651289172732259;0.37094169289382145;0.29903163353406625;0.9302578345464518
60762.0;266349.1965001039;0.46222671666788545;0.37094169289382145;0.3084460179423669;0.9244534333357709
60643.0;404004.3291;0.44275308839506666;0.37217367897962567;0.4678577152843931;0.8855061767901333
60638.0;290298.9707001039;0.45919347905706376;0.3722254431008779;0.33618108371196065;0.9183869581141275
60614.0;489063.87097940047;0.4336995599049753;0.37247391088288884;0.5663610234432103;0.8673991198099505
60605.0;479243.4137156176;0.438081650291751;0.37256708630114294;0.5549884307070957;0.876163300583502
60583.0;467460.44771561754;0.437690656989246;0.372794848434653;0.5413431522906132;0.875381313978492
60580.0;483736.3708960061;0.4350122256270499;0.37282590690740436;0.5601915053522857;0.8700244512540998
60576.0;399080.9416522222;0.4463993237408351;0.37286731820440616;0.462156180333249;0.8927986474816701
60539.0;254430.6748001039;0.46222671666788545;0.373250372701673;0.2946437590790733;0.9244534333357709
60526.0;249659.7689001039;0.46222671666788545;0.37338495941692895;0.28911880557378955;0.9244534333357709
60522.0;376082.9134562161;0.4499009900837369;0.37342637071393076;0.43552328520611244;0.8998019801674738
60513.0;326547.08990010386;0.4527232438144536;0.37351954613218485;0.3781582631893385;0.9054464876289072
60506.0;479760.6957522223;0.43501222562704994;0.373592015901938;0.555587469812302;0.8700244512540999
60503.0;477760.4124993994;0.43763040815033666;0.3736230743746894;0.5532710393060445;0.8752608163006733
60495.0;284145.2783001039;0.45919347905706376;0.37370589696869305;0.32905479258225767;0.9183869581141275
60490.0;473064.7050160052;0.43501222562704994;0.37375766108994535;0.5478331694205442;0.8700244512540999
60489.0;471435.2456322233;0.4350122256270499;0.3737680139141958;0.5459461719565735;0.8700244512540998
60430.0;272015.71710010385;0.45919347905706376;0.3743788305449727;0.3150081391637752;0.9183869581141275
60425.0;373299.2668384428;0.44521699674533594;0.37443059466622497;0.4322996797817553;0.8904339934906719
60388.0;457960.8693144499;0.4336995599049752;0.3748136491634918;0.5303421537200381;0.8673991198099504
60364.0;318015.7746396104;0.44875988480732637;0.37506211694550273;0.36827856295187544;0.8975197696146527
60345.0;401314.9130562162;0.44275308839506666;0.37525882060626137;0.46474323369332476;0.8855061767901333
60313.0;261696.61120010391;0.45919347905706376;0.37559011098227596;0.303058085754925;0.9183869581141275
60305.0;313024.9558001038;0.4527232438144536;0.3756729335762796;0.3624989389937572;0.9054464876289072
60287.0;452972.3812156175;0.4415204221571941;0.3758592844127878;0.5245652288790535;0.8830408443143882
60287.0;453047.57963222323;0.43895868144919;0.3758592844127878;0.5246523124988368;0.87791736289838
60264.0;448287.73711444996;0.4336995599049753;0.3760973993705483;0.519140170957087;0.8673991198099505
60181.0;444014.2802522223;0.4389586814491902;0.3769566837833361;0.5141912889280695;0.8779173628983804
60134.0;453183.0119322233;0.4309095433609394;0.3774432665231075;0.5248091500421248;0.8618190867218788
60130.0;434840.72511600517;0.4389586814491901;0.3774846778201093;0.50356784200455;0.8779173628983802
60129.0;440396.2700971737;0.43895868144919004;0.3774950306443598;0.5100014477726847;0.8779173628983801
60097.0;438696.8401160051;0.43895868144919004;0.37782632102037433;0.5080334207714727;0.8779173628983801
60081.0;456146.42513105564;0.43090954336093934;0.37799196620838166;0.5282409343790351;0.8618190867218787
60074.0;444002.5239344489;0.43763040815033677;0.3780644359781348;0.5141776745096649;0.8752608163006735
60054.0;249074.42670010385;0.45919347905706376;0.37827149246314395;0.2884409493117994;0.9183869581141275
60022.0;448237.2115322232;0.43501222562704983;0.37860278283915855;0.5190816597438118;0.8700244512540997
59997.0;438738.97383222333;0.43090954336093945;0.3788616034454199;0.5080822137738898;0.8618190867218789
59974.0;260011.13125621615;0.45648378638224407;0.3790997184031804;0.3011062136117188;0.9129675727644881
59972.0;245179.96530010388;0.45919347905706376;0.3791204240516813;0.2839309634487117;0.9183869581141275
59967.0;427683.3830362172;0.43501222562704994;0.3791721881729336;0.4952792731161468;0.8700244512540999
59960.0;245115.37180010384;0.4651289172732259;0.37924465794268675;0.2838561608657801;0.9302578345464518
59955.0;298932.05810010387;0.4527232438144536;0.37929642206393904;0.3461786413020297;0.9054464876289072
59939.0;443683.4335310556;0.4266461277958748;0.3794620672519463;0.5138081514715496;0.8532922555917496
59938.0;244969.2278001039;0.46222671666788545;0.3794724200761968;0.2836869186249981;0.9244534333357709
59906.0;307594.3543001038;0.4499043194028519;0.37980371045221134;0.35621002417923026;0.8998086388057038
59900.0;391864.978819999;0.4389586814491901;0.3798658273977141;0.45379972560965276;0.8779173628983802
59871.0;276179.5963001039;0.4527232438144536;0.3801660593009773;0.31983012464490107;0.9054464876289072
59816.0;440691.77221561765;0.4293832939428333;0.3807354646347524;0.5103436543681064;0.8587665878856666
59808.0;398325.28741999896;0.43895868144919004;0.380818287228756;0.4612810940107323;0.8779173628983801
59787.0;243676.7480001039;0.46222671666788545;0.38103569653801556;0.2821901607867187;0.9244534333357709
59783.0;236184.77440010387;0.46222671666788545;0.3810771078350174;0.27351407145055867;0.9244534333357709
59770.0;371687.53885504854;0.4463993237408352;0.3812116945502733;0.43043321618803443;0.8927986474816704
59764.0;231657.83120010392;0.45919347905706376;0.38127381149577605;0.2682716392531305;0.9183869581141275
59755.0;435246.92993222317;0.4350122256270498;0.38136698691403015;0.5040382479966754;0.8700244512540996
59742.0;430476.0240322233;0.4350122256270498;0.38150157362928605;0.49851329449139187;0.8700244512540996
59733.0;360052.76915621606;0.4463993237408351;0.38159474904754015;0.41695955668225104;0.8927986474816701
59696.0;317440.9115001039;0.44928043153945346;0.38197780354480704;0.36761284197891;0.8985608630789069
59684.0;305726.3221396105;0.44875988480732637;0.3821020374358125;0.35404674721476526;0.8975197696146527
59684.0;428773.43499717384;0.4350122256270498;0.3821020374358125;0.4965416091439081;0.8700244512540996
59668.0;425756.1861410615;0.438081650291751;0.38226768262381977;0.4930474803571946;0.876163300583502
59665.0;230084.33960010385;0.45919347905706376;0.38229874109657114;0.2664494553507076;0.9183869581141275
59642.0;271484.4452001039;0.4560265896903736;0.38253685605433163;0.31439289907988177;0.9120531793807471
59629.0;420993.93909717374;0.43501222562704983;0.38267144276958753;0.48753255425099024;0.8700244512540997
59615.0;420854.1245156176;0.42524011972224546;0.3828163823090939;0.48737064180110135;0.8504802394444909
59596.0;331137.19340010395;0.44569492091319596;0.38301308596985256;0.3834738382506577;0.8913898418263919
59575.0;263759.6880001039;0.4560265896903736;0.3832304952791121;0.30544723440651117;0.9120531793807471
59538.0;281853.62235621613;0.4499009900837369;0.383613549776379;0.32640093756908567;0.8998019801674738
59517.0;420772.2412356166;0.437690656989246;0.3838309590856386;0.4872758167669573;0.875381313978492
59494.0;419438.6523156175;0.438081650291751;0.384069074043399;0.4857314524611853;0.876163300583502
59492.0;274885.39416505443;0.4560265896903735;0.38408977969189995;0.3183313722543777;0.912053179380747
59485.0;353496.9336396105;0.445216996745336;0.3841622494616531;0.40936756321670537;0.890433993490672
59484.0;293187.49300010386;0.44928043153945346;0.3841726022859036;0.33952614055042707;0.8985608630789069
59473.0;389193.5709396105;0.4415204221571943;0.3842864833526586;0.45070609839457915;0.8830408443143886
59456.0;405103.54643444903;0.4336995599049752;0.38446248136491634;0.46913066528431513;0.8673991198099504
59419.0;369022.83693621715;0.44275308839506666;0.38484553586218323;0.4273473548200742;0.8855061767901333
59401.0;403876.712034449;0.4336995599049753;0.38503188669869143;0.4677099281830692;0.8673991198099505
59386.0;266876.9935001039;0.4527232438144536;0.38518717906244826;0.3090572339139978;0.9054464876289072
59271.0;291564.9572001039;0.44928043153945346;0.3863777538512506;0.33764716095125746;0.8985608630789069
59267.0;253020.5641001039;0.4560265896903736;0.3864191651482524;0.29301077863089403;0.9120531793807471
59257.0;392158.9958362172;0.43895868144919004;0.386522693390757;0.45414021238059654;0.8779173628983801
59249.0;497069.2231156176;0.425017130408412;0.3866055159847606;0.5756316314311026;0.850034260816824
59249.0;497144.42153222323;0.42221710985705163;0.3866055159847606;0.5757187150508859;0.8444342197141033
59233.0;371933.2972384428;0.43769065698924586;0.38677116117276794;0.4307178169892758;0.8753813139784917
59203.0;413148.1267510546;0.43090954336093934;0.3870817459002816;0.4784467015152469;0.8618190867218787
59196.0;500107.83473105554;0.4222171098570516;0.3871542156700348;0.5791504993877961;0.8444342197141032
59195.0;469712.0260322233;0.4222171098570516;0.38716456849428527;0.5439505953577154;0.8444342197141032
59182.0;464865.92171561765;0.425017130408412;0.38729915520954117;0.5383385582326484;0.850034260816824
59182.0;464941.12013222335;0.42221710985705163;0.38729915520954117;0.5384256418524318;0.8444342197141033
59172.0;340547.9513196115;0.44152848136754896;0.3874026834520457;0.394371978152088;0.8830569627350979
59146.0;460127.16595105466;0.4222171098570516;0.38767185688255756;0.5328508362316537;0.8444342197141032
59132.0;402050.13231844385;0.43369955990497533;0.38781679642206396;0.4655946552734479;0.8673991198099507
59131.0;266001.9136001039;0.4527232438144536;0.3878271492463144;0.30804384654852734;0.9054464876289072
59130.0;261524.2183001039;0.4527232438144536;0.38783750207056483;0.3028584459428841;0.9054464876289072
59114.0;313514.8892562161;0.4463993237408351;0.38800314725857216;0.36306630704134407;0.8927986474816701
59056.0;374344.76123561664;0.4336995599049752;0.38860361106509855;0.4335104158674157;0.8673991198099504
59053.0;330982.815300104;0.4419632389469833;0.3886346695378499;0.3832950605001399;0.8839264778939666
59023.0;395759.7926322232;0.4309095433609394;0.3889452542653636;0.45831011958415463;0.8618190867218788
59023.0;397762.3346522223;0.4266461277958748;0.3889452542653636;0.460629165858547;0.8532922555917496
58987.0;455441.54173105565;0.4176172207153525;0.38931795593838;0.5274246432818566;0.835234441430705
58971.0;415237.389334449;0.4207621816833346;0.3894836011263873;0.4808661746458284;0.8415243633666692
58949.0;254287.59850010386;0.4527232438144536;0.3897113632598973;0.29447806939208776;0.9054464876289072
58948.0;376587.1128184439;0.42955091781650934;0.38972171608414774;0.43610717390400155;0.8591018356330187
58923.0;413529.38283444894;0.425017130408412;0.38998053669040916;0.47888821559632744;0.850034260816824
58911.0;249918.73970010388;0.4560265896903736;0.39010477058141463;0.28941870703049744;0.9120531793807471
58902.0;248286.8991001039;0.44928043153945346;0.3901979459996687;0.28752895199612666;0.8985608630789069
58889.0;236311.1977001039;0.44928043153945346;0.39033253271492463;0.273660476110203;0.8985608630789069
58844.0;356033.35521961155;0.4335861515119471;0.3907984098061951;0.41230486937889654;0.8671723030238943
58737.0;293428.3566650544;0.44569492091319596;0.3919061620009939;0.33980507301689306;0.8913898418263919
58658.0;259837.9245650544;0.4492804315394534;0.39272403511677983;0.3009056313878119;0.8985608630789068
58620.0;349954.569184562;0.43369955990497533;0.39311744243829716;0.4052653236581946;0.8673991198099507
58599.0;377530.83271600516;0.42664612779587485;0.3933348517475567;0.4372000499039321;0.8532922555917497
58589.0;321837.6598801049;0.438081650291751;0.3934383799900613;0.372704501903273;0.876163300583502
58585.0;230919.5485001039;0.4527232438144536;0.3934797912870631;0.26741667005508885;0.9054464876289072
58580.0;330979.81765621615;0.43090954336093945;0.3935315554083154;0.38329158907491107;0.8618190867218789
58552.0;372053.5709510546;0.42664612779587485;0.39382143448732815;0.43085710011160433;0.8532922555917497
58540.0;235645.4683001039;0.44928043153945346;0.3939456683783336;0.2728895273513729;0.8985608630789069
58514.0;279519.5894650544;0.44569492091319596;0.3942148418088455;0.32369800787947023;0.8913898418263919
58503.0;371407.8936510546;0.42664612779587485;0.39432872287560045;0.4301093727120937;0.8532922555917497
58472.0;224202.21720010389;0.4560265896903736;0.3946496604273646;0.2596376561969268;0.9120531793807471
58467.0;224819.1137001039;0.44928043153945346;0.39470142454861684;0.2603520539552377;0.8985608630789069
58416.0;412124.613834449;0.4254956282768703;0.39522941858539007;0.4772614211104702;0.8509912565537406
58399.0;450933.0966310556;0.4176172207153525;0.39540541659764783;0.5222036328321169;0.835234441430705
58373.0;220860.0588001039;0.4560265896903736;0.3956745900281597;0.25576726550921836;0.9120531793807471
58360.0;313922.4569001039;0.44196323894698325;0.3958091767434156;0.3635382912577458;0.8839264778939665
58353.0;365342.3456550485;0.4309095433609394;0.3958816465131688;0.42308515731895413;0.8618190867218788
58351.0;223002.9014001039;0.4527232438144536;0.3959023521616697;0.2582487870446025;0.9054464876289072
58344.0;299378.5077650544;0.4419632389469833;0.3959748219314229;0.3466956528912336;0.8839264778939666
58335.0;236208.8435001039;0.44569492091319596;0.396067997349677;0.2735419447017192;0.8913898418263919
58253.0;413495.66335105465;0.4176172207153525;0.39691692893821434;0.47884916670668665;0.835234441430705
58196.0;211929.46140010387;0.4527232438144536;0.3975070399204903;0.24542517609399692;0.9054464876289072
58177.0;211779.96760010393;0.44928043153945346;0.397703743581249;0.24525205461316288;0.8985608630789069
58168.0;319285.774300104;0.4340461332085858;0.3977969189995031;0.3697492876366682;0.8680922664171716
58166.0;360735.54083844286;0.4252401197222455;0.39781762464800396;0.41775024127718874;0.850480239444491
58118.0;305051.0053989362;0.4340461332085858;0.3983145602120258;0.35326469582415515;0.8680922664171716
58110.0;279798.6367001039;0.4419632389469833;0.3983973828060295;0.32402115887673183;0.8839264778939666
58091.0;396906.8318993995;0.42076218168333474;0.3985940864667881;0.45963844983268953;0.8415243633666695
58078.0;205829.02660010388;0.44928043153945346;0.3987286731820441;0.23836055999414582;0.8985608630789069
58047.0;292377.7509396104;0.4336995599049754;0.3990496107338082;0.33858841775117865;0.8673991198099508
58028.0;216735.76840010387;0.44569492091319596;0.3992463143945668;0.250991125887121;0.8913898418263919
58005.0;265340.6695001039;0.4419632389469833;0.3994844293523273;0.3072780919969352;0.8839264778939666
58001.0;292157.83800010395;0.438081650291751;0.3995258406493291;0.3383337472983442;0.876163300583502
57988.0;287386.9321001038;0.43808165029175106;0.39966042736458507;0.3328087937930604;0.8761633005835021
57890.0;355252.7010384428;0.4293832939428333;0.4006750041411297;0.41140083183444137;0.8587665878856666
57888.0;477643.69951445004;0.4162726947191202;0.4006957097896306;0.5531358796888095;0.8325453894382404
57832.0;344767.5239362172;0.4309095433609394;0.4012754679476561;0.39925845946351246;0.8618190867218788
57816.0;334192.7822362172;0.4309095433609394;0.4014411131356634;0.38701236669884803;0.8618190867218788
57808.0;388763.41473561665;0.42501713040841194;0.40152393572966705;0.4502079554680806;0.8500342608168239
57756.0;323876.92683844286;0.4335861515119471;0.40206228259069077;0.375066077538139;0.8671723030238943
57666.0;483977.24653222325;0.4128407488477068;0.40299403677323176;0.5604704516820918;0.8256814976954135
57647.0;396024.67791561753;0.4207621816833348;0.4031907404339904;0.4586168703157059;0.8415243633666696
57644.0;412300.6010960061;0.41761722071535246;0.40322179890674176;0.47746522337737834;0.8352344414307049
57642.0;333303.26831961144;0.42955091781650945;0.4032425045552427;0.3859822640025133;0.8591018356330189
57638.0;273294.03440010385;0.438081650291751;0.4032839158522445;0.31648849610133284;0.876163300583502
57634.0;391253.7720156176;0.4207621816833348;0.4033253271492463;0.4530919168104223;0.8415243633666696
57612.0;456544.8510322233;0.4128407488477067;0.40355308928275635;0.5287023319889212;0.8256814976954134
57611.0;332622.6843550486;0.4309095433609394;0.4035634421070068;0.3851941128967345;0.8618190867218788
57597.0;388787.5050350495;0.4176172207153525;0.4037083816465132;0.45023585326927074;0.835234441430705
57585.0;316292.63831961143;0.42955091781650945;0.40383261553751865;0.3662830827955262;0.8591018356330189
57563.0;455899.17373222334;0.4128407488477066;0.40406037767102865;0.5279546045894107;0.8256814976954132
57535.0;328341.6966396105;0.4295509178165093;0.40435025675004144;0.38023650975379975;0.8591018356330186
57531.0;380033.7659550485;0.4222171098570516;0.40439166804704324;0.4400985748512683;0.8444342197141032
57517.0;375634.87463621714;0.42221710985705163;0.40453660758654963;0.43500443329393024;0.8444342197141033
57502.0;380119.4436993995;0.4207621816833346;0.40469189995030647;0.44019779406956744;0.8415243633666692
57471.0;481397.2353310556;0.4078814907168537;0.40501283750207057;0.5574826665049492;0.8157629814337074
57447.0;206019.80750010393;0.44569492091319596;0.4052613052840815;0.23858149405243367;0.8913898418263919
57441.0;396285.5359960061;0.41761722071535246;0.40532342222958423;0.4589189573398127;0.8352344414307049
57376.0;348843.94139611;0.4254956282768703;0.40599635580586385;0.40397915976783716;0.8509912565537406
57374.0;258326.65490010392;0.438081650291751;0.4060170614543647;0.29915550367458305;0.876163300583502
57359.0;452262.2507960062;0.4078814907168537;0.40617235381812156;0.5237428614642948;0.8157629814337074
57333.0;440413.1229160052;0.4128407488477066;0.4064415272486334;0.5100209642004719;0.8256814976954132
57324.0;335024.6134801049;0.4254956282768703;0.4065347026668875;0.38797566990437177;0.8509912565537406
57313.0;235568.3942001039;0.4419632389469833;0.40664858373364254;0.2728002715941043;0.8839264778939666
57302.0;212055.88470010384;0.43808165029175106;0.40676246480039757;0.2455715807536412;0.8761633005835021
57265.0;433707.84223222325;0.4128407488477068;0.4071455192976644;0.5022559055733941;0.8256814976954135
57255.0;368682.83213844284;0.4207621816833346;0.40724904754016894;0.4269536118415601;0.8415243633666692
57253.0;382482.9717344489;0.42048257378059295;0.40726975318866987;0.4429348806472094;0.8409651475611859
57207.0;367050.02405504853;0.4222171098570516;0.4077459831041908;0.42506273641184245;0.8444342197141032
57192.0;357600.9339550485;0.42221710985705163;0.40790127546794763;0.41412020588116555;0.8444342197141033
57080.0;363627.79381844384;0.4162726947191202;0.4090607917839987;0.4210996184342657;0.8325453894382404
57070.0;323410.8945001039;0.4254956282768703;0.4091643200265032;0.3745263882096864;0.8509912565537406
57043.0;352799.70323621714;0.4222171098570517;0.4094438462812655;0.408560134681756;0.8444342197141034
57042.0;271775.5982789373;0.4340461332085857;0.409454199105516;0.3147300692645787;0.8680922664171714
56944.0;415007.99513222324;0.4128407488477068;0.4104687758820606;0.48060052440492157;0.8256814976954135
56904.0;429058.48371600517;0.4128407488477067;0.41088288885207885;0.49687171016692006;0.8256814976954134
56868.0;347595.6930196115;0.42076218168333474;0.41125559052509525;0.40253362418450067;0.8415243633666695
56841.0;427394.31993222336;0.4128407488477067;0.41153511677985755;0.49494452322940957;0.8256814976954134
56813.0;354371.9663550484;0.4176172207153525;0.4118249958588703;0.4103808959400351;0.835234441430705
56812.0;376345.84931961144;0.4161117077631873;0.41183534868312077;0.43582777840941184;0.8322234155263746
56787.0;371421.29601844394;0.4161117077631873;0.41209416928938214;0.43012489334030124;0.8322234155263746
56782.0;305564.7045396105;0.4207621816833346;0.41214593341063444;0.3538595857522775;0.8415243633666692
56748.0;211953.5305001039;0.4340461332085858;0.4124979294351499;0.2454530493451575;0.8680922664171716
56723.0;300573.8857001038;0.4254956282768703;0.4127567500414113;0.3480799617941592;0.8509912565537406
56656.0;426033.69431600516;0.4078814907168537;0.4134503892661918;0.4933688490439884;0.8157629814337074
56604.0;389810.55751444993;0.40626923340364973;0.4139887361272155;0.4514206004641698;0.8125384668072995
56559.0;198580.89020010387;0.438081650291751;0.414454613218486;0.22996684663041037;0.876163300583502
56541.0;245158.68340010388;0.4298523524112138;0.4146409640549942;0.2839063179179742;0.8597047048224276
56540.0;194053.9470001039;0.4340461332085858;0.41465131687924467;0.22472441443298216;0.8680922664171716
56455.0;365650.2652184439;0.4161117077631873;0.41553130694053336;0.42344174395193024;0.8322234155263746
56449.0;317382.80133844283;0.420482573780593;0.4155934238860361;0.36754554743399726;0.840965147561186
56441.0;192480.45540010388;0.4340461332085858;0.41567624648003976;0.22290223053055927;0.8680922664171716
56392.0;353610.8269384429;0.4161117077631873;0.41618353486831206;0.4094994574929292;0.8322234155263746
56316.0;472101.8402960062;0.40273269387872657;0.4169703495113467;0.5467181227352024;0.8054653877574531
56288.0;464202.0918322233;0.40273269387872657;0.41726022859035944;0.5375698092113836;0.8054653877574531
56286.0;239953.7960001039;0.42985235241121367;0.41728093423886037;0.27787879159739914;0.8597047048224273
56262.0;444594.2463794005;0.4058110522468315;0.4175294020208713;0.5148629194222486;0.811622104493663
56235.0;372068.3385184438;0.4112828452894912;0.4178089282756336;0.430874201711368;0.8225656905789824
56197.0;237205.1704001039;0.4298523524112138;0.4182023355971509;0.2746957423061875;0.8597047048224276
56197.0;321950.91061844386;0.41611170776318734;0.4182023355971509;0.372835652061519;0.8322234155263747
56179.0;241186.09618010494;0.4254956282768704;0.4183886864336591;0.27930585835196636;0.8509912565537407
56178.0;295233.21917893726;0.420970901822382;0.41839903925790956;0.34189519629361337;0.841941803644764
56169.0;287276.9310001038;0.4254956282768703;0.41849221467616365;0.33268140688253045;0.8509912565537406
56145.0;344274.4832196116;0.41088577408531823;0.4187406824581746;0.39868749304905066;0.8217715481706365
56097.0;287092.1310001039;0.4254956282768703;0.41923761802219645;0.3324673990129189;0.8509912565537406
56077.0;435054.2598960061;0.40273269387872657;0.4194446745072056;0.5038151262218442;0.8054653877574531
56066.0;451543.3168794005;0.4010639436305706;0.4195585555739606;0.5229102991489035;0.8021278872611411
56021.0;291323.92550010385;0.4209709018223819;0.4200244326652311;0.33736803389159364;0.8419418036447638
56016.0;321435.4115550485;0.4128407488477066;0.42007619678648334;0.37223867773065306;0.8256814976954132
56015.0;265586.7913001039;0.4209709018223819;0.42008654961073383;0.3075631136532283;0.8419418036447638
55981.0;320167.7198211666;0.4176172207153526;0.4204385456352493;0.3707706257431406;0.8352344414307052
55981.0;321335.21493844286;0.4161117077631873;0.4204385456352493;0.3721226449142999;0.8322234155263746
55978.0;192242.37870010387;0.438081650291751;0.42046960410800066;0.22262652551231704;0.876163300583502
55915.0;421832.4359960062;0.40273269387872657;0.42112183203577935;0.4885035766265047;0.8054653877574531
55891.0;266832.0798001039;0.42097090182238184;0.4213702998177903;0.3090052215479081;0.8419418036447637
55887.0;413932.68753222335;0.40273269387872657;0.42141171111479214;0.47935526310268595;0.8054653877574531
55860.0;181764.49450010387;0.4340461332085858;0.42169123736955444;0.21049259869587184;0.8680922664171716
55851.0;272171.7880550485;0.4176172207153524;0.42178441278780854;0.31518887732706496;0.8352344414307048
55810.0;192671.23630010395;0.4298523524112138;0.4222088785820772;0.22312316458884715;0.8597047048224276
55796.0;224324.30440010392;0.4254956282768703;0.42235381812158357;0.2597790394305786;0.8509912565537406
55763.0;404259.5553322233;0.40273269387872657;0.4226954613218486;0.46815328033973463;0.8054653877574531
55741.0;387865.61633621715;0.40788149071685376;0.4229232234553586;0.44916825891615314;0.8157629814337075
55711.0;228213.1686001039;0.4209709018223819;0.42323380818287226;0.2642825434492519;0.8419418036447638
55693.0;437667.106734449;0.40054286486569235;0.42342015901938046;0.5068409367495313;0.8010857297313847
55673.0;221654.01806505444;0.4254956282768704;0.4236272155043896;0.2566867110224784;0.8509912565537407
55660.0;431754.66103444895;0.4010639436305706;0.42376180221964554;0.4999940216605092;0.8021278872611411
55616.0;375278.86141961155;0.40633154666022847;0.42421732648666555;0.43459215174609833;0.8126630933204569
55606.0;404322.26553444896;0.4010639436305706;0.42432085472917014;0.46822590196733865;0.8021278872611411
55599.0;382322.1919362172;0.40273269387872657;0.4243933244989233;0.44274868940210027;0.8054653877574531
55578.0;219361.21040010394;0.4254956282768704;0.42461073380818287;0.25403152225729875;0.8509912565537407
55475.0;379541.26493844285;0.4063315466602284;0.4256770747059798;0.439528233437062;0.8126630933204568
55460.0;339632.52823621716;0.41284074884770655;0.42583236706973665;0.39331187131296186;0.8256814976954131
55433.0;313868.0381384429;0.41611170776318734;0.42611189332449895;0.3634752715431897;0.8322234155263747
55427.0;308294.76011961146;0.41577411445982004;0.4261740102700017;0.3570211300087563;0.8315482289196401
55395.0;421444.19973105565;0.3973869910520174;0.4265053006460162;0.48805397913750015;0.7947739821040348
55378.0;307724.2812362171;0.4128407488477067;0.426681298658274;0.3563604862290289;0.8256814976954134
55378.0;367893.0528550485;0.40273269387872657;0.426681298658274;0.4260390069611348;0.8054653877574531
55374.0;218891.17680010392;0.4209709018223819;0.4267227099552758;0.25348719926280805;0.8419418036447638
55368.0;335660.07775504846;0.40788149071685376;0.4267848269007785;0.38871157009752627;0.8157629814337075
55349.0;361763.6685196115;0.4010639436305706;0.4269815305615372;0.4189408658158014;0.8021278872611411
55312.0;212203.0383001039;0.4254956282768704;0.42736458505880404;0.2457419921629577;0.8509912565537407
55307.0;361419.55791999906;0.40273269387872657;0.42741634918005633;0.41854236810836726;0.8054653877574531
55280.0;369993.8501184439;0.40054286486569224;0.42769587543481863;0.42847183784222315;0.8010857297313845
55269.0;352441.8526196115;0.4063315466602284;0.42780975650157366;0.4081457253305711;0.8126630933204568
55252.0;359485.1831362171;0.40273269387872657;0.42798575451383136;0.416302262986573;0.8054653877574531
55248.0;301491.5776184438;0.41128284528949105;0.4280271658108332;0.3491426960604131;0.8225656905789821
55225.0;352090.5363196115;0.4010639436305706;0.42826528076859366;0.4077388830528501;0.8021278872611411
55220.0;342856.9925384429;0.40633154666022847;0.42831704488984595;0.39704596620450944;0.8126630933204569
55128.0;349812.0509362172;0.40273269387872657;0.4292695047208879;0.4051002802236218;0.8054653877574531
55101.0;277234.1556001039;0.41627269471912015;0.42954903097565017;0.32105135835254234;0.8325453894382403
55097.0;199967.0540001039;0.4209709018223819;0.429590442272652;0.23157209534129095;0.8419418036447638
55096.0;342123.04311961145;0.4063315466602284;0.4296007950969024;0.3961960151681091;0.8126630933204568
55090.0;196696.59450010388;0.4254956282768703;0.42966291204240514;0.2277847356538124;0.8509912565537406
55087.0;267197.29763961054;0.4161117077631873;0.4296939705151565;0.3094281625207272;0.8322234155263746
55079.0;349166.37363621715;0.40273269387872657;0.42977679310916017;0.4043525528241111;0.8054653877574531
55026.0;269359.8736562162;0.41284074884770666;0.43032549279443433;0.31193253636373003;0.8256814976954133
55002.0;338926.65971961146;0.4010639436305706;0.43057396057644526;0.3924944394002742;0.8021278872611411
54989.0;393465.31415105454;0.3973869910520175;0.43070854729170116;0.4556529959281775;0.794773982104035
54927.0;232340.73485621612;0.4176172207153525;0.4313504223952294;0.2690624766805902;0.835234441430705
54924.0;276974.7290384429;0.411395063467505;0.4313814808679808;0.3207509291004767;0.82279012693501
54912.0;216508.898304561;0.41611170776318734;0.43150571475898625;0.2507283986910945;0.8322234155263747
54907.0;290937.62675504846;0.40788149071685376;0.43155747888023854;0.33692068014991106;0.8157629814337075
54839.0;336516.8660196115;0.4058110522468315;0.43226147092926953;0.3897037748118518;0.811622104493663
54839.0;336592.06443621713;0.40273269387872657;0.43226147092926953;0.389790858431635;0.8054653877574531
54835.0;255026.22670010387;0.41139506346750504;0.43230288222627133;0.29533343869683376;0.8227901269350101
54829.0;328607.8502196114;0.4010639436305706;0.43236499917177407;0.3805447292378122;0.8021278872611411
54803.0;363543.26253504946;0.3973869910520174;0.4326341726022859;0.42100172687650184;0.7947739821040348
54798.0;327846.144884562;0.4063315466602284;0.43268593672353817;0.3796626354281492;0.8126630933204568
54788.0;198052.6968989363;0.41627269471912015;0.43278946496604276;0.22935517172171993;0.8325453894382403
54733.0;451543.31687940046;0.39565941090762474;0.4333588702998178;0.5229102991489035;0.7913188218152495
54733.0;458934.665296006;0.3918363233354999;0.4333588702998178;0.5314698593664081;0.7836726466709998
54720.0;454163.75939600606;0.3918363233354998;0.4334934570150737;0.5259449058611244;0.7836726466709996
54705.0;327738.6373384429;0.3956594109076249;0.4336487493788305;0.37953813618078924;0.7913188218152498
54705.0;451034.9168322232;0.3918363233354998;0.4336487493788305;0.5223215458425894;0.7836726466709996
54704.0;182389.0332001039;0.4209709018223819;0.433659102203081;0.21121584651338812;0.8419418036447638
54679.0;424110.9213794005;0.39565941090762474;0.4339179228093424;0.49114217945573296;0.7913188218152495
54679.0;431502.2697960061;0.3918363233354998;0.4339179228093424;0.4997017396732376;0.7836726466709996
54657.0;326105.82925504853;0.3973869910520175;0.4341456849428524;0.3776472607510715;0.794773982104035
54651.0;423602.5213322233;0.3918363233354997;0.4342078018883551;0.490553426149419;0.7836726466709995
54648.0;192002.8910001039;0.4162726947191202;0.4342388603611065;0.22234918648377172;0.8325453894382404
54639.0;255879.78895621613;0.4078814907168537;0.43433203577936064;0.2963219075280646;0.8157629814337074
54608.0;250343.8428396105;0.41139506346750504;0.43465297333112474;0.2899109982493882;0.8227901269350101
54602.0;422881.6456156176;0.3950734726011097;0.43471509027662747;0.48971861513012505;0.7901469452022194
54602.0;422956.84403222334;0.3918363233354997;0.43471509027662747;0.4898056987499083;0.7836726466709995
54593.0;421899.93229717383;0.3918363233354997;0.43480826569488157;0.4885817408019351;0.7836726466709995
54553.0;311219.5868384429;0.4010639436305706;0.43522237866489977;0.3604082292245583;0.8021278872611411
54549.0;186921.93503961051;0.41627269471912015;0.4352637899619016;0.21646517912070048;0.8325453894382403
54518.0;177300.83930010392;0.4254956282768703;0.4355847275136657;0.2053234572454782;0.8509912565537406
54505.0;305577.9672801049;0.40633154666022847;0.43571931422892163;0.35387494468538583;0.8126630933204569
54465.0;306360.40881961153;0.4010639436305706;0.4361334271989399;0.354781052082385;0.8021278872611411
54430.0;229295.88050010393;0.411395063467505;0.43649577604770584;0.26553637931030244;0.82279012693501
54396.0;327884.4649184439;0.3956594109076248;0.4368477720722213;0.37970701199099827;0.7913188218152496
54391.0;255026.96325621617;0.4078814907168537;0.4368995361934736;0.2953342916665548;0.8157629814337074
54381.0;295904.8350801049;0.40633154666022847;0.43700306443597814;0.34267296192243457;0.8126630933204569
54345.0;176587.2852001039;0.4209709018223819;0.43737576610899453;0.20449712503339149;0.8419418036447638
54345.0;291090.8808989362;0.40633154666022847;0.43737576610899453;0.3370981563016565;0.8126630933204569
54341.0;174516.35810010388;0.4209709018223819;0.43741717740599634;0.2020988853321364;0.8419418036447638
54330.0;230330.44670010393;0.41139506346750493;0.43753105847275137;0.26673445998364753;0.8227901269350099
54293.0;301516.1298196115;0.4010639436305706;0.4379141129700182;0.34917112876748113;0.8021278872611411
54282.0;175695.72873961052;0.41128284528949133;0.4380279940367732;0.2034646569665698;0.8225656905789827
54277.0;294802.7997396106;0.4010639436305706;0.4380797581580255;0.3413967485271105;0.8021278872611411
54257.0;307983.6164550485;0.39738699105201747;0.4382868146430346;0.35666080970141717;0.7947739821040349
54223.0;168415.92330010387;0.41627269471912015;0.4386388106675501;0.19503426923228528;0.8325453894382403
54208.0;307262.7407384429;0.40054286486569235;0.43879410303130695;0.3558259986821234;0.8010857297313847
54206.0;406316.47257940046;0.3956180456076984;0.4388148086798079;0.4705352959135211;0.7912360912153968
54192.0;417769.64199717384;0.3918363233354999;0.4389597482193142;0.483798652988188;0.7836726466709998
54166.0;399095.1865971738;0.3918363233354998;0.4392289216498261;0.4621726767094494;0.7836726466709996
54147.0;290505.4405396105;0.4010639436305706;0.4394256253105847;0.33642018636613735;0.8021278872611411
54117.0;389510.3265160052;0.3918363233354998;0.4397362100380984;0.4510729175833878;0.7836726466709996
54106.0;279960.11903961044;0.4063315466602284;0.4398500911048534;0.3242081637006371;0.8126630933204568
54106.0;319693.7888350495;0.3973869910520174;0.4398500911048534;0.3702217893758146;0.7947739821040348
54056.0;315664.4737350495;0.3973869910520174;0.4403677323173762;0.3655556360178879;0.7947739821040348
53995.0;381401.99701561756;0.3950734726011097;0.44099925459665396;0.4416830565309696;0.7901469452022194
53967.0;368742.4807833943;0.39565941090762474;0.44128913367566674;0.4270226880289588;0.7913188218152495
53947.0;303359.01213844283;0.39565941090762496;0.4414961901606758;0.3513052809265611;0.7913188218152499
53909.0;357867.5678199991;0.3918363233354997;0.44188959748219314;0.4144289815597607;0.7836726466709995
53904.0;271127.2395001039;0.40633154666022847;0.44194136160344544;0.31397923657517335;0.8126630933204569
53839.0;266444.92613961047;0.4010639436305706;0.442614295179725;0.3085568777703403;0.8021278872611411
53833.0;237384.99755621617;0.4078814907168537;0.44267641212522774;0.27490399136775623;0.8157629814337074
53826.0;462838.3702794004;0.3899519491472704;0.44274888189498096;0.5359905497727308;0.7799038982945408
53821.0;357743.7244184439;0.39561804560769837;0.4428006460162332;0.4142855645547159;0.7912360912153967
53794.0;293718.6822184439;0.3956594109076248;0.44308017227099555;0.34014128488472145;0.7913188218152496
53793.0;266225.0132001039;0.40633154666022847;0.443090525095246;0.30830220731750574;0.8126630933204569
53780.0;261454.10730010385;0.40633154666022847;0.4432251118105019;0.302777253812222;0.8126630933204569
53732.0;289462.13321844384;0.3956594109076248;0.44372204737452375;0.33521198302656446;0.7913188218152496
53683.0;288816.45591844385;0.39565941090762485;0.4442293357627961;0.33446425562705384;0.7913188218152497
53583.0;252427.39240010388;0.40633154666022847;0.44526461818784163;0.29232385540670086;0.8126630933204569
53580.0;284928.6221384428;0.39565941090762474;0.445295676660593;0.3299619448875406;0.7913188218152495
53578.0;255655.3523001039;0.4063315466602284;0.4453163823090939;0.2960619983795942;0.8126630933204568
53573.0;357646.6028160052;0.3918363233354999;0.4453681464303462;0.4141730927623394;0.7836726466709998
53560.0;214370.60345621617;0.4078814907168537;0.4455027331456021;0.2482521436851651;0.8157629814337074
53550.0;448631.7269993994;0.3899519491472704;0.44560626138810666;0.5195385288707556;0.7799038982945408
53506.0;226177.64410010393;0.40633154666022847;0.4460617856551267;0.2619253017729142;0.8126630933204569
53490.0;281947.6095550485;0.3973869910520174;0.446227430843134;0.32650977956147137;0.7947739821040348
53456.0;275255.4899384428;0.3956594109076248;0.4465794268676495;0.31875996212458935;0.7913188218152496
53421.0;342695.23025504855;0.3860718503101924;0.4469417757164154;0.3968586371912371;0.7721437006203848
53406.0;271226.1748384428;0.3956594109076248;0.44709706808017224;0.3140938087666626;0.7913188218152496
53377.0;275833.1242384429;0.39565941090762474;0.44739729998343547;0.3194288922434076;0.7913188218152495
53376.0;260825.74420010392;0.40273715847960784;0.44740765280768596;0.3020495771435341;0.8054743169592157
53357.0;270580.49753844284;0.39565941090762485;0.4476043564684446;0.3133460813671519;0.7913188218152497
53350.0;235412.38689893624;0.4010751040220532;0.44767682623819777;0.27261960714515004;0.8021502080441064
53329.0;263681.306004561;0.4010639436305706;0.44789423554745733;0.3053564640391841;0.8021278872611411
53329.0;289899.1352362172;0.3918363233354999;0.44789423554745733;0.3357180537562162;0.7836726466709998
53246.0;0.0;0.3009568440770061;0.44875351996024515;0.0;0.6019136881540122
49422.0;0.0;0.2699519861768883;0.4883427198939871;0.0;0.5399039723537766
49040.0;0.0;0.2699519861768882;0.4922974987576611;0.0;0.5399039723537764
48385.0;0.0;0.25839258987148134;0.49907859864170945;0.0;0.5167851797429627
47692.0;0.0;0.2583925898714813;0.5062531058472751;0.0;0.5167851797429626
46620.0;0.0;0.2460810269998142;0.5173513334437635;0.0;0.4921620539996284
45892.0;0.0;0.24608102699981416;0.5248881894980951;0.0;0.4921620539996283
45593.0;0.0;0.232898043974657;0.5279836839489813;0.0;0.465796087949314
44669.0;0.0;0.23289804397465694;0.5375496935564021;0.0;0.4657960879493139
41827.0;0.0;0.2032294516809432;0.5669724200761967;0.0;0.4064589033618864
39555.0;0.0;0.18621840439632775;0.5904940367732318;0.0;0.3724368087926555
38075.0;0.0;0.18621840439632767;0.605816216663906;0.0;0.37243680879265534
34944.0;0.0;0.16717913724636344;0.6382309093920822;0.0;0.33435827449272687
25575.0;0.0;0.15394919975017227;0.7352265197946;0.0;0.30789839950034453
22853.0;0.0;0.14928315533461411;0.7634069074043399;0.0;0.29856631066922823
18817.0;0.0;0.1453166178181597;0.8051909060791784;0.0;0.2906332356363194
16095.0;0.0;0.1453166178181594;0.8333712936889184;0.0;0.2906332356363188
